block,species,chr,chr_beg,chr_end,orientation
162,AL157959,1,181825,186732,+
162,CP007524,1,185463,190370,+
162,FR774048,1,2168289,2173196,-
161,CP012694,1,1050274,1060995,+
161,AL157959,1,1797070,1807792,+
161,CP007524,1,1800750,1811471,+
161,FR774048,1,1564499,1575221,+
160,CP012694,1,1020565,1045771,+
160,AL157959,1,1768444,1792567,+
160,CP007524,1,1772124,1796247,+
160,FR774048,1,1535873,1559996,+
159,CP012694,1,15616,23885,+
159,AL157959,1,761319,769589,+
159,CP007524,1,769084,777353,+
159,FR774048,1,532546,540816,+
158,CP000381,1,155390,158477,+
158,AL157959,1,1737167,1740261,-
157,CP000381,1,149769,154725,+
157,AL157959,1,1740926,1745238,-
156,CP000381,1,70901,74084,+
156,FM999788,1,72276,75459,+
156,CP020401,1,573258,576441,+
155,CP020402,1,2246291,2253982,+
155,FM999788,1,524972,532664,-
155,CP020422,1,375863,383554,+
154,CP020402,1,2240143,2244185,+
154,FM999788,1,534770,538812,-
154,CP020422,1,369715,373757,+
154,CP002422,1,530380,534422,-
154,CP002422,1,544725,548767,-
154,CP020401,1,1222022,1226064,-
154,CP020401,1,1236367,1240409,-
153,CP020402,1,2236064,2239493,+
153,FM999788,1,540686,544114,-
153,CP020422,1,365636,369065,+
153,CP002422,1,549417,552845,-
153,CP020401,1,1241059,1244487,-
152,CP020402,1,1811759,1838645,+
152,FM999788,1,1443251,1469042,+
152,CP020422,1,2247136,2274022,+
152,CP002422,1,942133,969581,-
152,CP020401,1,1644959,1671920,-
151,CP020402,1,1663035,1666072,+
151,FM999788,1,1295512,1298549,+
151,CP020422,1,2098413,2101450,+
151,CP002422,1,1113368,1116406,-
151,CP020401,1,1818383,1821421,-
150,CP020402,1,1151844,1162006,+
150,FM999788,1,790178,800343,+
150,CP020422,1,1587233,1597395,+
150,CP002422,1,1620960,1631127,-
150,CP020401,1,1,8779,-
149,CP020402,1,1126769,1131464,+
149,FM999788,1,763832,768528,+
149,CP020422,1,1562158,1566853,+
149,CP002422,1,1651251,1655946,-
149,CP020401,1,28596,33291,-
148,CP020402,1,957818,967067,+
148,FM999788,1,592548,601797,+
148,CP020422,1,1393207,1402456,+
148,CP002422,1,1815017,1824268,-
148,CP020401,1,1155264,1164513,+
147,CP020402,1,947851,951530,+
147,FM999788,1,583415,587094,+
147,CP020422,1,1383240,1386919,+
147,CP020401,1,1144452,1148131,+
146,CP020402,1,941305,944539,+
146,FM999788,1,576869,580103,+
146,CP020422,1,1376694,1379928,+
146,CP002422,1,1829315,1832549,-
146,CP020401,1,1137906,1141140,+
145,CP020402,1,836629,841954,+
145,FM999788,1,1927615,1932941,-
145,CP020422,1,1272018,1277343,+
145,CP002422,1,1929555,1934881,-
145,CP020401,1,1036889,1042214,+
144,CP020402,1,634273,637686,+
144,FM999788,1,2133171,2136584,-
144,CP012694,1,1837702,1841114,+
144,CP020422,1,1069662,1073075,+
144,CP002422,1,2139457,2142871,-
144,CP020401,1,833296,836708,+
144,AL157959,1,398532,401944,+
144,CP007524,1,400178,403590,+
144,FR774048,1,162284,165696,+
143,CP020402,1,377113,383160,+
143,FM999788,1,101996,107963,-
143,CP020422,1,812503,818550,+
143,CP002422,1,105087,111106,-
143,CP020401,1,603734,609795,-
143,CP012392,1,101460,107516,-
142,CP016647,1,2160623,2177666,+
142,CP016646,1,994211,1011254,+
142,CP016654,1,593266,610309,+
142,CP020402,1,903574,922253,-
142,CP000381,1,447051,463848,+
142,CP016680,1,1170865,1187869,-
142,CP016672,1,2043400,2060443,-
142,CP016883,1,415373,432415,+
142,CP016682,1,2144661,2161959,-
142,FM999788,1,1849972,1867469,-
142,CP012694,1,2093152,2110861,+
142,CP020422,1,1338963,1357642,-
142,CP002422,1,1851608,1870290,+
142,CP020401,1,1101918,1119182,-
142,AL157959,1,652928,671130,+
142,CP007524,1,655783,673213,+
142,FR774048,1,419134,436683,+
142,CP016660,1,1270181,1287224,-
142,CP012392,1,1748978,1766016,-
141,CP016647,1,2146750,2158455,+
141,CP016646,1,980339,992043,+
141,CP016654,1,579394,591098,+
141,CP020402,1,881678,893366,+
141,CP000381,1,434280,445994,+
141,CP016680,1,1190038,1201742,-
141,CP016672,1,2062612,2074316,-
141,CP016883,1,401503,413205,+
141,CP016682,1,2164128,2175832,-
141,FM999788,1,1878339,1890044,-
141,CP012694,1,2080566,2092280,+
141,CP020422,1,1317067,1328755,+
141,CP002422,1,1880368,1892082,-
141,CP020401,1,1080152,1091841,+
141,AL157959,1,640342,652056,+
141,CP007524,1,643197,654911,+
141,FR774048,1,406548,418262,+
141,CP016660,1,1289393,1301097,-
141,CP012392,1,1766889,1778603,-
140,CP016647,1,2133546,2146748,+
140,CP016646,1,967335,980337,+
140,CP016654,1,566190,579392,+
140,CP020402,1,868621,881676,+
140,CP000381,1,421376,434278,+
140,CP016680,1,1201743,1214946,-
140,CP016672,1,2074317,2087520,-
140,CP016883,1,388299,401501,+
140,CP016682,1,1,13204,-
140,FM999788,1,1890045,1903383,-
140,CP012694,1,2068233,2080564,+
140,CP020422,1,1304010,1317065,+
140,CP002422,1,1892083,1904139,-
140,CP020401,1,1067196,1080150,+
140,AL157959,1,627976,640340,+
140,CP007524,1,631064,643195,+
140,FR774048,1,394167,406546,+
140,CP016660,1,1301098,1314301,-
140,CP012392,1,1778604,1791076,-
139,CP016647,1,2117053,2132250,+
139,CP016646,1,950842,966039,+
139,CP016654,1,549697,564894,+
139,CP020402,1,848601,864008,+
139,CP000381,1,401357,416762,+
139,CP016680,1,1216242,1231439,-
139,CP016672,1,2088816,2104013,-
139,CP016883,1,371808,387003,+
139,CP016682,1,14500,29697,-
139,FM999788,1,1905922,1921697,-
139,CP012694,1,2049753,2064861,+
139,CP020422,1,1283990,1299397,+
139,CP002422,1,1908771,1924177,-
139,CP020401,1,1048385,1063819,+
139,AL157959,1,609492,624594,+
139,CP007524,1,612585,627693,+
139,FR774048,1,375634,390794,+
139,CP016660,1,1315597,1330794,-
139,CP012392,1,1794454,1809699,-
138,CP016647,1,2094711,2113636,+
138,CP016646,1,928434,947359,+
138,CP016654,1,527355,546280,+
138,CP020402,1,817525,836608,+
138,CP000381,1,380831,399138,+
138,CP016680,1,1234856,1253780,-
138,CP016672,1,2107430,2126355,-
138,CP016883,1,349075,367996,+
138,CP016682,1,32718,51644,-
138,FM999788,1,1932967,1951971,-
138,CP012694,1,2028239,2046798,+
138,CP020422,1,1252914,1271997,+
138,CP002422,1,1934902,1953708,-
138,CP020401,1,1018051,1036868,+
138,AL157959,1,587890,606669,+
138,CP007524,1,590736,609301,+
138,FR774048,1,353824,372416,+
138,CP016660,1,1333551,1352476,-
138,CP012392,1,1813529,1832371,-
137,CP016647,1,2048446,2084308,+
137,CP016646,1,882342,917710,+
137,CP016654,1,480765,516627,+
137,CP020402,1,773166,806769,+
137,CP000381,1,336661,370481,+
137,CP016680,1,1264503,1300364,-
137,CP016672,1,2137080,2172926,-
137,CP016883,1,302495,338356,+
137,CP016682,1,62367,98228,-
137,FM999788,1,1962193,1996274,-
137,CP012694,1,1983914,2018580,+
137,CP020422,1,1208555,1242158,+
137,CP002422,1,1963654,1997600,-
137,CP020401,1,974876,1008829,+
137,AL157959,1,542951,577725,+
137,CP007524,1,546911,581083,+
137,FR774048,1,309537,344202,+
137,CP016660,1,1362933,1398794,-
137,CP012392,1,1841048,1876232,-
136,CP016647,1,2045211,2048444,+
136,CP016646,1,879109,882340,+
136,CP016654,1,477530,480763,+
136,CP020402,1,770078,773164,+
136,CP000381,1,333524,336659,+
136,CP016680,1,1300365,1303599,-
136,CP016672,1,1,3250,-
136,CP016883,1,299260,302493,+
136,CP016682,1,98229,101463,-
136,FM999788,1,1996275,1999506,-
136,CP012694,1,1980793,1983912,+
136,CP020422,1,1205467,1208553,+
136,CP002422,1,1997601,2000707,-
136,CP020401,1,971766,974874,+
136,AL157959,1,539830,542949,+
136,CP007524,1,543790,546909,+
136,FR774048,1,306416,309535,+
136,CP016660,1,1398795,1402029,-
136,CP012392,1,1876233,1879355,-
135,CP016647,1,2017162,2042310,+
135,CP016646,1,851060,876208,+
135,CP016654,1,449481,474629,+
135,CP020402,1,741742,767177,+
135,CP000381,1,305976,331266,+
135,CP016680,1,1306500,1332731,-
135,CP016672,1,6151,31299,-
135,CP016883,1,271211,296359,+
135,CP016682,1,104364,129512,-
135,FM999788,1,2001737,2026769,-
135,CP012694,1,1953358,1978552,+
135,CP020422,1,1177131,1202566,+
135,CP002422,1,2003608,2028999,-
135,CP020401,1,943474,968865,+
135,AL157959,1,512240,537589,+
135,CP007524,1,516355,541549,+
135,FR774048,1,278983,304175,+
135,CP016660,1,1404930,1430078,-
135,CP012392,1,1882255,1906480,-
134,CP016647,1,1977446,2009019,+
134,CP016646,1,811344,842917,+
134,CP016654,1,409766,441339,+
134,CP020402,1,701240,733211,+
134,CP000381,1,265004,297718,+
134,CP016680,1,1340873,1372447,-
134,CP016672,1,39441,71015,-
134,CP016883,1,231497,263070,+
134,CP016682,1,137704,169279,-
134,FM999788,1,2036148,2068119,-
134,CP012694,1,1911704,1944379,+
134,CP020422,1,1136629,1168600,+
134,CP002422,1,2038043,2069863,-
134,CP020401,1,902363,934269,+
134,AL157959,1,470371,503300,+
134,CP007524,1,474196,507415,+
134,FR774048,1,237085,270043,+
134,CP016660,1,1438220,1469793,-
134,CP012392,1,1914596,1946416,-
133,CP016647,1,1966042,1976242,+
133,CP016646,1,799939,810140,+
133,CP016654,1,398361,408562,+
133,CP020402,1,690875,700769,+
133,CP000381,1,253328,263800,+
133,CP016680,1,1373651,1383852,-
133,CP016672,1,75259,85460,-
133,CP016883,1,220093,230293,+
133,CP016682,1,170483,180684,-
133,FM999788,1,2069326,2079220,-
133,CP012694,1,1900037,1910500,+
133,CP020422,1,1126264,1136158,+
133,CP002422,1,2071067,2081174,-
133,CP020401,1,892665,901892,+
133,AL157959,1,458801,469167,+
133,CP007524,1,462530,472992,+
133,FR774048,1,225474,235878,+
133,CP016660,1,1470997,1481198,-
133,CP012392,1,1948374,1958288,-
132,CP016647,1,1949199,1957841,+
132,CP016646,1,783098,791740,+
132,CP016654,1,381519,390161,+
132,CP020402,1,677396,686034,+
132,CP000381,1,241229,249867,+
132,CP016680,1,1392052,1400695,-
132,CP016672,1,93657,102300,-
132,CP016883,1,203254,211896,+
132,CP016682,1,188881,197524,-
132,FM999788,1,2084131,2092770,-
132,CP012694,1,1883497,1892158,+
132,CP020422,1,1112785,1121423,+
132,CP002422,1,2086226,2093827,-
132,CP020401,1,878285,886940,+
132,AL157959,1,441981,450643,+
132,CP007524,1,445973,454634,+
132,FR774048,1,208628,217289,+
132,CP016660,1,1489395,1498038,-
132,CP012392,1,1966140,1973765,-
131,CP016647,1,1937336,1944123,+
131,CP016646,1,771235,778022,+
131,CP016654,1,368811,375598,+
131,CP020402,1,669015,675809,+
131,CP000381,1,228912,235695,+
131,CP016680,1,1405770,1412558,-
131,CP016672,1,107375,114163,-
131,CP016883,1,191391,198178,+
131,CP016682,1,202599,209387,-
131,FM999788,1,2094357,2101083,-
131,CP012694,1,1872564,1879351,+
131,CP020422,1,1104404,1111198,+
131,CP002422,1,2095824,2102619,-
131,CP020401,1,868189,874964,+
131,AL157959,1,432400,439187,+
131,CP007524,1,435040,441827,+
131,FR774048,1,197695,204482,+
131,CP016660,1,1503113,1509901,-
131,CP012392,1,1977671,1984480,-
130,CP016647,1,1927949,1932338,+
130,CP016646,1,761848,766237,+
130,CP016654,1,359424,363813,+
130,CP020402,1,659236,663456,+
130,CP000381,1,218408,222620,+
130,CP016680,1,1417555,1421945,-
130,CP016672,1,119160,123550,-
130,CP016883,1,182005,186394,+
130,CP016682,1,214403,218793,-
130,FM999788,1,2106815,2111100,-
130,CP012694,1,1863715,1867947,+
130,CP020422,1,1094625,1098845,+
130,CP002422,1,2107759,2111980,-
130,CP020401,1,858251,862640,+
130,AL157959,1,423207,427537,+
130,CP007524,1,426191,430423,+
130,FR774048,1,188123,192355,+
130,CP016660,1,1514917,1519307,-
130,CP012392,1,1990578,1994803,-
129,CP016647,1,1920238,1925388,+
129,CP016646,1,754137,759287,+
129,CP016654,1,351713,356863,+
129,CP020402,1,653567,659036,+
129,CP000381,1,212714,218208,+
129,CP016680,1,1424506,1429656,-
129,CP016672,1,126111,131261,-
129,CP016883,1,174294,179444,+
129,CP016682,1,221354,226504,-
129,FM999788,1,2112840,2118019,-
129,CP012694,1,1856820,1861975,+
129,CP020422,1,1088956,1094425,+
129,CP002422,1,2113465,2118959,-
129,CP020401,1,852588,858051,+
129,AL157959,1,417541,423010,+
129,CP007524,1,419296,424451,+
129,FR774048,1,181228,186383,+
129,CP016660,1,1521868,1527018,-
129,CP012392,1,1995003,2000472,-
128,CP016647,1,1905950,1915292,+
128,CP016646,1,739848,749190,+
128,CP016654,1,337427,346769,+
128,CP020402,1,644066,653416,+
128,CP000381,1,198421,207771,+
128,CP016680,1,1434601,1443943,-
128,CP016672,1,136205,145547,-
128,CP016883,1,160010,169350,+
128,CP016682,1,231453,240795,-
128,FM999788,1,2118170,2127516,-
128,CP012694,1,1847320,1856669,+
128,CP020422,1,1079455,1088805,+
128,CP002422,1,2123903,2133253,-
128,CP020401,1,843087,852437,+
128,AL157959,1,407850,417390,+
128,CP007524,1,409796,419145,+
128,FR774048,1,171728,181077,+
128,CP016660,1,1531965,1541307,-
128,CP012392,1,2005414,2014756,-
59,CP016647,1,966080,969251,+
59,CP016646,1,1982692,1985863,+
59,CP016654,1,1581119,1584290,+
59,CP020402,1,1255040,1258209,-
59,CP000381,1,1420513,1423684,+
59,CP016680,1,199347,202518,-
59,CP016672,1,1074378,1077549,-
59,CP016883,1,1399101,1402272,+
59,CP016682,1,1177910,1181081,-
59,FM999788,1,888772,891944,-
59,CP012694,1,882552,885747,+
59,CP020422,1,1690429,1693598,-
59,CP002422,1,1525385,1528555,+
59,CP020401,1,2300515,2303750,+
59,AL157959,1,1622311,1625482,+
59,CP007524,1,1634561,1637732,+
59,FR774048,1,1398729,1401900,+
59,CP016660,1,300421,303592,-
59,CP012392,1,777001,780196,-
58,CP016647,1,944230,965652,+
58,CP016646,1,1960842,1982264,+
58,CP016654,1,1559269,1580691,+
58,CP020402,1,1259881,1281044,-
58,CP000381,1,1398548,1419929,+
58,CP016680,1,202946,224367,-
58,CP016672,1,1077977,1099398,-
58,CP016883,1,1377253,1398673,+
58,CP016682,1,1181509,1202930,-
58,FM999788,1,892678,913845,-
58,CP012694,1,861113,882115,+
58,CP020422,1,1695270,1716433,-
58,CP002422,1,1501326,1523716,+
58,CP020401,1,2277805,2298842,+
58,AL157959,1,1600870,1621874,+
58,CP007524,1,1613122,1634124,+
58,FR774048,1,1377290,1398292,+
58,CP016660,1,304020,325441,-
58,CP012392,1,781072,802065,-
57,CP016647,1,924143,939089,+
57,CP016646,1,1940845,1955791,+
57,CP016654,1,1539254,1554200,+
57,CP020402,1,1284923,1299983,-
57,CP000381,1,1379853,1395317,+
57,CP016680,1,229564,244510,-
57,CP016672,1,1104451,1119397,-
57,CP016883,1,1357252,1372198,+
57,CP016682,1,1208027,1222973,-
57,FM999788,1,918646,933703,-
57,CP012694,1,842849,857998,+
57,CP020422,1,1720312,1735372,-
57,CP002422,1,1479164,1494358,+
57,CP020401,1,2257782,2272956,+
57,AL157959,1,1582947,1597817,+
57,CP007524,1,1594933,1610082,+
57,FR774048,1,1359107,1374255,+
57,CP016660,1,330488,345434,-
57,CP012392,1,804733,820032,-
56,CP016647,1,916845,922511,+
56,CP016646,1,1933547,1939213,+
56,CP016654,1,1531956,1537622,+
56,CP020402,1,1301676,1307339,-
56,CP000381,1,1370925,1376460,+
56,CP016680,1,246142,251807,-
56,CP016672,1,1121029,1126694,-
56,CP016883,1,1349954,1355620,+
56,CP016682,1,1224605,1230270,-
56,FM999788,1,935426,940960,-
56,CP012694,1,833818,839354,+
56,CP020422,1,1737065,1742728,-
56,CP002422,1,1473381,1479045,+
56,CP020401,1,2250363,2256059,+
56,AL157959,1,1573916,1579452,+
56,CP007524,1,1585902,1591438,+
56,FR774048,1,1350076,1355612,+
56,CP016660,1,347066,352731,-
56,CP012392,1,823423,829086,-
55,CP016647,1,900463,916748,+
55,CP016646,1,1917165,1933450,+
55,CP016654,1,1515574,1531859,+
55,CP020402,1,1308333,1324625,-
55,CP000381,1,1354086,1370364,+
55,CP016680,1,251904,268190,-
55,CP016672,1,1126791,1143077,-
55,CP016883,1,1333572,1349857,+
55,CP016682,1,1230367,1246653,-
55,FM999788,1,942638,958933,-
55,CP012694,1,816539,832824,+
55,CP020422,1,1743722,1760014,-
55,CP002422,1,1456103,1472387,+
55,CP020401,1,2232733,2249024,+
55,AL157959,1,1556632,1572922,+
55,CP007524,1,1568618,1584908,+
55,FR774048,1,1332793,1349082,+
55,CP016660,1,352828,369114,-
55,CP012392,1,830460,846743,-
54,CP016647,1,891946,897290,+
54,CP016646,1,1908648,1913992,+
54,CP016654,1,1507057,1512401,+
54,CP020402,1,1326133,1331477,-
54,CP000381,1,1344279,1349623,+
54,CP016680,1,271363,276707,-
54,CP016672,1,1146250,1151594,-
54,CP016883,1,1325055,1330399,+
54,CP016682,1,1249826,1255170,-
54,FM999788,1,962559,967903,-
54,CP012694,1,808364,813707,+
54,CP020422,1,1761522,1766866,-
54,CP002422,1,1444930,1450274,+
54,CP020401,1,2219817,2225161,+
54,AL157959,1,1544439,1549782,+
54,CP007524,1,1560445,1565788,+
54,FR774048,1,1322565,1327907,+
54,CP016660,1,372288,377632,-
54,CP012392,1,851875,857219,-
53,CP016647,1,879148,888105,+
53,CP016646,1,1895850,1904807,+
53,CP016654,1,1494259,1503216,+
53,CP020402,1,1339012,1347968,-
53,CP000381,1,1327598,1336555,+
53,CP016680,1,280548,289504,-
53,CP016672,1,1155435,1164391,-
53,CP016883,1,1312258,1321214,+
53,CP016682,1,1259011,1267967,-
53,FM999788,1,975542,984563,-
53,CP012694,1,795454,805492,+
53,CP020422,1,1774401,1783357,-
53,CP002422,1,1428470,1437419,+
53,CP020401,1,2203256,2212282,+
53,AL157959,1,1532612,1541567,+
53,CP007524,1,1547535,1557573,+
53,FR774048,1,1309660,1319693,+
53,CP016660,1,381473,390429,-
53,CP012392,1,861063,870002,-
52,CP016647,1,812029,867673,+
52,CP016646,1,1828787,1884375,+
52,CP016654,1,1427212,1482784,+
52,CP020402,1,1359973,1416554,-
52,CP000381,1,1261162,1316839,+
52,CP016680,1,300980,356469,-
52,CP016672,1,1175867,1231432,-
52,CP016883,1,1245223,1300783,+
52,CP016682,1,1279442,1334947,-
52,FM999788,1,996069,1050937,-
52,CP012694,1,727998,784080,+
52,CP020422,1,1795362,1851943,-
52,CP002422,1,1356580,1412513,+
52,CP020401,1,2130943,2186443,+
52,AL157959,1,1466203,1522334,+
52,CP007524,1,1480401,1536161,+
52,FR774048,1,1242486,1298299,+
52,CP016660,1,401904,457405,-
52,CP012392,1,880749,935439,-
51,CP016647,1,785165,809238,+
51,CP016646,1,1801923,1825996,+
51,CP016654,1,1400348,1424421,+
51,CP020402,1,1417417,1440741,-
51,CP000381,1,1237110,1261156,+
51,CP016680,1,359260,383333,-
51,CP016672,1,1234223,1258296,-
51,CP016883,1,1218360,1242432,+
51,CP016682,1,1337738,1361811,-
51,FM999788,1,1050957,1074255,-
51,CP012694,1,703061,727135,+
51,CP020422,1,1852806,1876130,-
51,CP002422,1,1332410,1355717,+
51,CP020401,1,2106564,2130080,+
51,AL157959,1,1441281,1465340,+
51,CP007524,1,1455464,1479538,+
51,FR774048,1,1217564,1241623,+
51,CP016660,1,460196,484269,-
51,CP012392,1,936301,960327,-
50,CP016647,1,752074,780973,+
50,CP016646,1,1768832,1797731,+
50,CP016654,1,1367257,1396156,+
50,CP020402,1,1444883,1473874,-
50,CP000381,1,1204628,1233797,+
50,CP016680,1,387525,416424,-
50,CP016672,1,1262488,1291387,-
50,CP016883,1,1185271,1214168,+
50,CP016682,1,1366003,1394902,-
50,FM999788,1,1078109,1106972,-
50,CP012694,1,669139,697997,+
50,CP020422,1,1880272,1909263,-
50,CP002422,1,1299968,1328222,+
50,CP020401,1,2072689,2101683,+
50,AL157959,1,1407887,1436745,+
50,CP007524,1,1421542,1450400,+
50,FR774048,1,1184169,1213027,+
50,CP016660,1,488461,517359,-
50,CP012392,1,965964,995177,-
49,CP016647,1,735329,744209,+
49,CP016646,1,1752932,1761812,+
49,CP016654,1,1351357,1360237,+
49,CP020402,1,1480086,1488434,-
49,CP000381,1,1195307,1204001,+
49,CP016680,1,424289,433169,-
49,CP016672,1,1299252,1308132,-
49,CP016883,1,1169371,1178251,+
49,CP016682,1,1401922,1410802,-
49,FM999788,1,1107525,1116207,-
49,CP012694,1,659817,668512,+
49,CP020422,1,1915475,1923823,-
49,CP002422,1,1290460,1299341,+
49,CP020401,1,2057801,2066496,+
49,AL157959,1,1398565,1407260,+
49,CP007524,1,1412220,1420915,+
49,FR774048,1,1174847,1183542,+
49,CP016660,1,524379,533259,-
49,CP012392,1,995803,1004498,-
48,CP016647,1,721163,732974,+
48,CP016646,1,1738766,1750577,+
48,CP016654,1,1337179,1349002,+
48,CP020402,1,1489636,1501883,-
48,CP000381,1,1180882,1192952,+
48,CP016680,1,435524,447334,-
48,CP016672,1,1310487,1322297,-
48,CP016883,1,1155207,1167016,+
48,CP016682,1,1413157,1424967,-
48,FM999788,1,1117410,1129642,-
48,CP012694,1,645259,657463,+
48,CP020422,1,1925025,1937272,-
48,CP002422,1,1277042,1289258,+
48,CP020401,1,2044254,2056599,+
48,AL157959,1,1384229,1396211,+
48,CP007524,1,1397868,1409866,+
48,FR774048,1,1160290,1172493,+
48,CP016660,1,535614,547424,-
48,CP012392,1,1006854,1019091,-
47,CP016647,1,709511,720858,+
47,CP016646,1,1727114,1738461,+
47,CP016654,1,1325527,1336874,+
47,CP020402,1,1502189,1512372,-
47,CP000381,1,1170583,1180708,+
47,CP016680,1,447640,458987,-
47,CP016672,1,1322603,1333950,-
47,CP016883,1,1143557,1154902,+
47,CP016682,1,1425273,1436620,-
47,FM999788,1,1130405,1140636,-
47,CP012694,1,631945,643258,+
47,CP020422,1,1937578,1947761,-
47,CP002422,1,1266134,1276279,+
47,CP020401,1,2031726,2041992,+
47,AL157959,1,1370915,1382228,+
47,CP007524,1,1384554,1395867,+
47,FR774048,1,1146975,1158289,+
47,CP016660,1,547730,559077,-
47,CP012392,1,1019382,1030728,-
46,CP016647,1,692075,697608,+
46,CP016646,1,1709678,1715211,+
46,CP016654,1,1308091,1313624,+
46,CP020402,1,1653426,1658959,+
46,CP000381,1,1014913,1020399,-
46,CP016680,1,468087,473621,-
46,CP016672,1,1343049,1348583,-
46,CP016883,1,1126970,1132503,+
46,CP016682,1,1447677,1453211,-
46,FM999788,1,1285894,1291427,+
46,CP012694,1,475394,480880,-
46,CP020422,1,2088804,2094337,+
46,CP002422,1,1120481,1125967,-
46,CP020401,1,1825493,1831027,-
46,AL157959,1,1222217,1227703,-
46,CP007524,1,1228282,1233768,-
46,FR774048,1,990645,996131,-
46,CP016660,1,570134,575668,-
46,CP012392,1,1180504,1186037,+
45,CP016647,1,686787,691160,+
45,CP016646,1,1704385,1708763,+
45,CP016654,1,1302803,1307176,+
45,CP016680,1,474536,478914,-
45,CP016672,1,1349498,1353876,-
45,CP016883,1,1121677,1126055,+
45,CP016682,1,1454126,1458504,-
45,CP012694,1,481987,486158,-
45,CP007524,1,1234875,1239046,-
45,FR774048,1,997238,1001409,-
45,CP016660,1,576583,580961,-
45,CP012392,1,1175211,1179589,+
44,CP016647,1,682433,685940,+
44,CP016646,1,1700881,1704383,+
44,CP016654,1,1298449,1301956,+
44,CP016680,1,478915,482417,-
44,CP016672,1,1353877,1357379,-
44,CP016883,1,1118173,1121675,+
44,CP016682,1,1458505,1462007,-
44,CP012694,1,486159,489661,-
44,CP007524,1,1239047,1242549,-
44,FR774048,1,1001410,1004912,-
44,CP016660,1,580962,584464,-
44,CP012392,1,1171707,1175209,+
43,CP016647,1,673478,679117,+
43,CP016646,1,1691939,1697565,+
43,CP016654,1,1289494,1295133,+
43,CP020402,1,1644275,1650084,+
43,CP000381,1,1020927,1026669,-
43,CP016680,1,485734,491455,-
43,CP016672,1,1360696,1366365,-
43,CP016883,1,1109232,1114857,+
43,CP016682,1,1465324,1471006,-
43,FM999788,1,1278178,1284034,+
43,CP012694,1,491496,497486,-
43,CP020422,1,2079653,2085462,+
43,CP002422,1,1129309,1135167,-
43,CP020401,1,1834369,1840220,-
43,AL157959,1,1231045,1236455,-
43,CP007524,1,1244384,1250093,-
43,FR774048,1,1006747,1012503,-
43,CP016660,1,587781,593463,-
43,CP012392,1,1162524,1168392,+
42,CP016647,1,628460,672212,+
42,CP016646,1,1646921,1690673,+
42,CP016654,1,1244476,1288228,+
42,CP020402,1,1599120,1642550,+
42,CP000381,1,1028365,1072889,-
42,CP016680,1,492665,536416,-
42,CP016672,1,1367575,1411326,-
42,CP016883,1,1064217,1107966,+
42,CP016682,1,1472216,1515967,-
42,FM999788,1,1231879,1276759,+
42,CP012694,1,498793,543039,-
42,CP020422,1,2034498,2077928,+
42,CP002422,1,1136377,1180077,-
42,CP020401,1,1841583,1885933,-
42,AL157959,1,1237817,1282214,-
42,CP007524,1,1251400,1295646,-
42,FR774048,1,1013810,1058057,-
42,CP016660,1,594673,638424,-
42,CP012392,1,1117171,1161105,+
41,CP016647,1,623124,628459,+
41,CP016646,1,1641585,1646920,+
41,CP016654,1,1239140,1244475,+
41,CP020402,1,1593693,1599119,+
41,CP000381,1,1082558,1087973,-
41,CP016680,1,536418,541753,-
41,CP016672,1,1411328,1416663,-
41,CP016883,1,1058881,1064216,+
41,CP016682,1,1515969,1521304,-
41,FM999788,1,1226542,1231878,+
41,CP012694,1,543041,548467,-
41,CP020422,1,2029071,2034497,+
41,CP002422,1,1180079,1185505,-
41,CP020401,1,1885935,1891271,-
41,AL157959,1,1282216,1287552,-
41,CP007524,1,1295648,1301074,-
41,FR774048,1,1058059,1063485,-
41,CP016660,1,638426,643761,-
41,CP012392,1,1111745,1117170,+
40,CP016647,1,601200,622868,+
40,CP016646,1,1619661,1641329,+
40,CP016654,1,1217216,1238884,+
40,CP020402,1,1568229,1589907,+
40,CP000381,1,1090967,1112570,-
40,CP016680,1,542009,563677,-
40,CP016672,1,1416919,1438587,-
40,CP016883,1,1036959,1058625,+
40,CP016682,1,1521560,1543212,-
40,FM999788,1,1202037,1223644,+
40,CP012694,1,551364,573005,-
40,CP020422,1,2003607,2025285,+
40,CP002422,1,1188406,1210002,-
40,CP020401,1,1954234,1975826,-
40,AL157959,1,1290449,1312041,-
40,CP007524,1,1303971,1325612,-
40,FR774048,1,1066381,1088022,-
40,CP016660,1,644017,665685,-
40,CP012392,1,1089839,1111489,+
39,CP016647,1,593450,600148,+
39,CP016646,1,1611911,1618609,+
39,CP016654,1,1209466,1216164,+
39,CP020402,1,1561526,1568228,+
39,CP000381,1,1112572,1119108,-
39,CP016680,1,564728,571427,-
39,CP016672,1,1439638,1446337,-
39,CP016883,1,1029211,1035907,+
39,CP016682,1,1545124,1551823,-
39,FM999788,1,1195500,1202036,+
39,CP012694,1,573007,579708,-
39,CP020422,1,1996904,2003606,+
39,CP002422,1,1210004,1216704,-
39,CP020401,1,1975828,1982361,-
39,AL157959,1,1312043,1318741,-
39,CP007524,1,1325614,1332315,-
39,FR774048,1,1088024,1094724,-
39,CP016660,1,666736,673435,-
39,CP012392,1,1083136,1089838,+
38,CP016647,1,585727,591433,+
38,CP016646,1,1604190,1609894,+
38,CP016654,1,1201742,1207449,+
38,CP020402,1,1555730,1561437,+
38,CP000381,1,1119197,1124907,-
38,CP016680,1,573444,579149,-
38,CP016672,1,1448354,1454058,-
38,CP016883,1,1021492,1027194,+
38,CP016682,1,1553840,1559547,-
38,FM999788,1,1189707,1195411,+
38,CP012694,1,579797,585507,-
38,CP020422,1,1991109,1996815,+
38,CP002422,1,1216793,1222503,-
38,CP020401,1,1982450,1988157,-
38,AL157959,1,1318830,1324545,-
38,CP007524,1,1332404,1338113,-
38,FR774048,1,1094813,1100523,-
38,CP016660,1,675452,681158,-
38,CP012392,1,1077170,1083047,+
37,CP016647,1,579398,582563,+
37,CP016646,1,1597861,1601026,+
37,CP016654,1,1195413,1198578,+
37,CP000381,1,1128202,1131364,-
37,CP016680,1,582313,585477,-
37,CP016672,1,1457222,1460386,-
37,CP016883,1,1015163,1018328,+
37,CP016682,1,1562711,1565875,-
37,FM999788,1,1183248,1186411,+
37,CP016660,1,684322,687486,-
37,CP012392,1,1070674,1073838,+
36,CP016647,1,558208,577478,+
36,CP016646,1,1576671,1595941,+
36,CP016654,1,1174223,1193493,+
36,CP020402,1,1533619,1552796,+
36,CP000381,1,1133283,1152443,-
36,CP016680,1,587397,606668,-
36,CP016672,1,1462306,1481577,-
36,CP016883,1,994020,1013243,+
36,CP016682,1,1567795,1587066,-
36,FM999788,1,1162171,1181329,+
36,CP012694,1,589663,608919,-
36,CP020422,1,1968998,1988175,+
36,CP002422,1,1225436,1244597,-
36,CP020401,1,1991091,2010346,-
36,AL157959,1,1328701,1347858,-
36,CP007524,1,1342269,1361528,-
36,FR774048,1,1104679,1123930,-
36,CP016660,1,689406,708677,-
36,CP012392,1,1048731,1068009,+
35,CP016647,1,547812,555989,+
35,CP016646,1,1566275,1574452,+
35,CP016654,1,1163821,1172004,+
35,CP020402,1,1524928,1532999,+
35,CP000381,1,1154663,1162871,-
35,CP016680,1,608887,617064,-
35,CP016672,1,1483796,1491973,-
35,CP016883,1,983625,991802,+
35,CP016682,1,1589285,1597462,-
35,FM999788,1,1153218,1161551,+
35,CP012694,1,611142,619480,-
35,CP020422,1,1960307,1968378,+
35,CP002422,1,1245217,1253551,-
35,CP020401,1,2010966,2019144,-
35,AL157959,1,1350083,1358440,-
35,CP007524,1,1363751,1372092,-
35,FR774048,1,1126152,1134490,-
35,CP016660,1,710896,719073,-
35,CP012392,1,1038335,1046507,+
34,CP016647,1,541754,547552,+
34,CP016646,1,1560217,1566015,+
34,CP016654,1,1157763,1163561,+
34,CP020402,1,1513816,1519614,+
34,CP000381,1,1163341,1169139,-
34,CP016680,1,617324,623121,-
34,CP016672,1,1492233,1498030,-
34,CP016883,1,977570,983365,+
34,CP016682,1,1597722,1603519,-
34,FM999788,1,1142080,1147878,+
34,CP012694,1,624703,630501,-
34,CP020422,1,1949205,1955003,+
34,CP002422,1,1258892,1264682,-
34,CP020401,1,2024484,2030282,-
34,AL157959,1,1363671,1369470,-
34,CP007524,1,1377312,1383110,-
34,FR774048,1,1139731,1145530,-
34,CP016660,1,719333,725130,-
34,CP012392,1,1032172,1037970,+
33,CP016647,1,532660,536415,+
33,CP016646,1,1551123,1554878,+
33,CP016654,1,1148669,1152424,+
33,CP020402,1,1666824,1670259,-
33,CP000381,1,1000621,1004233,+
33,CP016680,1,628460,632374,-
33,CP016672,1,1503369,1507283,-
33,CP016883,1,968476,972231,+
33,CP016682,1,1608859,1612614,-
33,FM999788,1,1299301,1302736,-
33,CP012694,1,462663,466461,+
33,CP020422,1,2102202,2105637,-
33,CP002422,1,1109182,1112617,+
33,CP020401,1,1814197,1817632,+
33,AL157959,1,1209180,1212978,+
33,CP007524,1,1215551,1219349,+
33,FR774048,1,977914,981712,+
33,CP016660,1,730474,734229,-
33,CP012392,1,1196221,1199657,-
32,CP016647,1,504975,530676,+
32,CP016646,1,1523438,1549139,+
32,CP016654,1,1120984,1146685,+
32,CP020402,1,1673330,1699711,-
32,CP000381,1,972618,998802,+
32,CP016680,1,634355,660057,-
32,CP016672,1,1509264,1534966,-
32,CP016883,1,940794,966492,+
32,CP016682,1,1614597,1640307,-
32,FM999788,1,1305807,1332147,-
32,CP012694,1,435195,460697,+
32,CP020422,1,2108708,2135089,-
32,CP002422,1,1079769,1106111,+
32,CP020401,1,1784776,1811122,+
32,AL157959,1,1181711,1207213,+
32,CP007524,1,1188083,1213585,+
32,FR774048,1,950445,975947,+
32,CP016660,1,736212,761914,-
32,CP012392,1,1201426,1227061,-
31,CP016647,1,493097,501035,+
31,CP016646,1,1511555,1519493,+
31,CP016654,1,1109100,1117038,+
31,CP020402,1,1699729,1707670,-
31,CP000381,1,961301,969527,+
31,CP016680,1,663997,671935,-
31,CP016672,1,1538906,1546844,-
31,CP016883,1,928913,936851,+
31,CP016682,1,1644247,1652185,-
31,FM999788,1,1332165,1340400,-
31,CP012694,1,424224,432463,+
31,CP020422,1,2135107,2143048,-
31,CP002422,1,1071531,1079751,+
31,CP020401,1,1776524,1784758,+
31,AL157959,1,1169524,1177763,+
31,CP007524,1,1177114,1185353,+
31,FR774048,1,939489,947728,+
31,CP016660,1,765858,773796,-
31,CP012392,1,1230545,1238789,-
30,CP016647,1,489149,492857,+
30,CP016646,1,1507607,1511315,+
30,CP016654,1,1105152,1108860,+
30,CP020402,1,1707910,1711619,-
30,CP000381,1,957358,961061,+
30,CP016680,1,672175,675883,-
30,CP016672,1,1547084,1550792,-
30,CP016883,1,924966,928673,+
30,CP016682,1,1652425,1656133,-
30,FM999788,1,1340640,1344353,-
30,CP012694,1,418072,421787,+
30,CP020422,1,2143288,2146997,-
30,CP002422,1,1067573,1071291,+
30,CP020401,1,1772710,1776433,+
30,AL157959,1,1163248,1166960,+
30,CP007524,1,1170963,1174678,+
30,FR774048,1,933351,937066,+
30,CP016660,1,774036,777744,-
30,CP012392,1,1238880,1242586,-
13,CP016647,1,236363,243876,+
13,CP016646,1,1254182,1261695,+
13,CP016654,1,852362,859875,+
13,CP020402,1,1983535,1991049,-
13,CP000381,1,705770,713276,+
13,CP016680,1,920353,927867,-
13,CP016672,1,1795309,1802823,-
13,CP016883,1,672978,680490,+
13,CP016682,1,1901218,1908732,-
13,FM999788,1,1602822,1610337,-
13,CP012694,1,167447,174958,+
13,CP020422,1,113107,120621,-
13,CP002422,1,795347,802860,+
13,CP020401,1,1491865,1499379,+
13,AL157959,1,913138,920651,+
13,CP007524,1,920445,927956,+
13,FR774048,1,683988,691499,+
13,CP016660,1,1021766,1029280,-
13,CP012392,1,1488668,1496182,-
12,CP016647,1,228167,234711,+
12,CP016646,1,1245986,1252530,+
12,CP016654,1,844166,850710,+
12,CP020402,1,1991214,1997769,-
12,CP000381,1,699153,705605,+
12,CP016680,1,928032,934587,-
12,CP016672,1,1802988,1809543,-
12,CP016883,1,666258,672813,+
12,CP016682,1,1910384,1916927,-
12,FM999788,1,1610502,1616952,-
12,CP012694,1,160828,167274,+
12,CP020422,1,120786,127341,-
12,CP002422,1,788625,795182,+
12,CP020401,1,1485232,1491700,+
12,AL157959,1,906519,912965,+
12,CP007524,1,913826,920272,+
12,FR774048,1,677369,683815,+
12,CP016660,1,1030932,1037475,-
12,CP012392,1,1497833,1504285,-
11,CP016647,1,203323,228166,+
11,CP016646,1,1221142,1245985,+
11,CP016654,1,819322,844165,+
11,CP020402,1,1997771,2022921,-
11,CP000381,1,673898,699152,+
11,CP016680,1,934589,959432,-
11,CP016672,1,1809545,1834388,-
11,CP016883,1,641414,666257,+
11,CP016682,1,1916929,1941772,-
11,FM999788,1,1616954,1641750,-
11,CP012694,1,135723,160827,+
11,CP020422,1,127343,152493,-
11,CP002422,1,763830,788624,+
11,CP020401,1,1459254,1484379,+
11,AL157959,1,881365,906518,+
11,CP007524,1,888674,913825,+
11,FR774048,1,652214,677368,+
11,CP016660,1,1037477,1062320,-
11,CP012392,1,1504287,1529083,-
10,CP016647,1,196757,202209,+
10,CP016646,1,1213493,1218945,+
10,CP016654,1,812756,818208,+
10,CP020402,1,2026090,2030969,-
10,CP000381,1,666960,672700,+
10,CP016680,1,960546,965998,-
10,CP016672,1,1835502,1840954,-
10,CP016883,1,634848,640300,+
10,CP016682,1,1942714,1948153,-
10,FM999788,1,1642620,1647571,-
10,CP012694,1,128482,134210,+
10,CP020422,1,155662,160541,-
10,CP002422,1,755225,760851,+
10,CP020401,1,1450307,1455209,+
10,AL157959,1,874219,879833,+
10,CP007524,1,881880,887607,+
10,FR774048,1,645421,651148,+
10,CP016660,1,1063434,1068886,-
10,CP012392,1,1530569,1535514,-
9,CP016647,1,185966,196617,+
9,CP016646,1,1202702,1213353,+
9,CP016654,1,801965,812616,+
9,CP020402,1,2031101,2041797,-
9,CP000381,1,656112,666827,+
9,CP016680,1,966137,976788,-
9,CP016672,1,1841093,1851744,-
9,CP016883,1,624057,634708,+
9,CP016682,1,1948292,1958943,-
9,FM999788,1,1647702,1658521,-
9,CP012694,1,117630,128349,+
9,CP020422,1,160673,171369,-
9,CP002422,1,744461,755092,+
9,CP020401,1,1438453,1449297,+
9,AL157959,1,863372,874086,+
9,CP007524,1,871028,881747,+
9,FR774048,1,634569,645288,+
9,CP016660,1,1069025,1079676,-
9,CP012392,1,1535646,1546263,-
8,CP016647,1,157694,183583,+
8,CP016646,1,1174430,1200319,+
8,CP016654,1,773693,799582,+
8,CP020402,1,2043702,2069580,-
8,CP000381,1,629140,655011,+
8,CP016680,1,979172,1004564,-
8,CP016672,1,1854128,1880016,-
8,CP016883,1,595786,621674,+
8,CP016682,1,1961327,1987215,-
8,FM999788,1,1659538,1685384,-
8,CP012694,1,90164,116475,+
8,CP020422,1,173274,199152,-
8,CP002422,1,717194,742993,+
8,CP020401,1,1409503,1435820,+
8,AL157959,1,835906,862217,+
8,CP007524,1,843562,869873,+
8,FR774048,1,607103,633414,+
8,CP016660,1,1082060,1107948,-
8,CP012392,1,1547707,1573543,-
7,CP016647,1,120139,148214,+
7,CP016646,1,1136868,1164950,+
7,CP016654,1,736152,764213,+
7,CP020402,1,2082109,2111456,-
7,CP000381,1,587313,615361,+
7,CP016680,1,1014045,1042105,-
7,CP016672,1,1889497,1917557,-
7,CP016883,1,558251,586307,+
7,CP016682,1,1996696,2024770,-
7,FM999788,1,1699287,1727779,-
7,CP012694,1,59278,87803,+
7,CP020422,1,211681,241028,-
7,CP002422,1,679271,707567,+
7,CP020401,1,1370987,1399355,+
7,AL157959,1,804985,833545,+
7,CP007524,1,812746,841201,+
7,FR774048,1,576209,604742,+
7,CP016660,1,1117429,1145538,-
7,CP012392,1,1578532,1607078,-
6,CP016647,1,90136,118584,+
6,CP016646,1,1106865,1135313,+
6,CP016654,1,706149,734597,+
6,CP020402,1,2113195,2141648,-
6,CP000381,1,557395,585835,+
6,CP016680,1,1043660,1072108,-
6,CP016672,1,1919112,1947560,-
6,CP016883,1,528248,556696,+
6,CP016682,1,2026325,2054773,-
6,FM999788,1,1729499,1757943,-
6,CP012694,1,29084,57537,+
6,CP020422,1,242767,271220,-
6,CP002422,1,648743,677160,+
6,CP020401,1,1340799,1369248,+
6,AL157959,1,774788,803244,+
6,CP007524,1,782552,811005,+
6,FR774048,1,546015,574468,+
6,CP016660,1,1147093,1175541,-
6,CP012392,1,1608819,1637259,-
5,CP016647,1,68930,81000,+
5,CP016646,1,1084688,1096529,+
5,CP016654,1,683743,695813,+
5,CP020402,1,2151843,2163735,-
5,CP000381,1,537413,549386,+
5,CP016680,1,1084127,1096197,-
5,CP016672,1,1957896,1969966,-
5,CP016883,1,505843,517912,+
5,CP016682,1,2065110,2077180,-
5,FM999788,1,1766003,1779097,-
5,CP012694,1,1,11942,+
5,CP020422,1,281415,293307,-
5,CP002422,1,626736,638663,+
5,CP020401,1,1316394,1329409,+
5,AL157959,1,745719,757645,+
5,CP007524,1,753484,765410,+
5,FR774048,1,516945,528871,+
5,CP016660,1,1184677,1196747,-
5,CP012392,1,1650935,1662855,-
4,CP016647,1,62410,68929,+
4,CP016646,1,1078168,1084687,+
4,CP016654,1,677223,683742,+
4,CP020402,1,2163737,2170256,-
4,CP000381,1,530844,537412,+
4,CP016680,1,1096199,1102717,-
4,CP016672,1,1969968,1976486,-
4,CP016883,1,499323,505842,+
4,CP016682,1,2077182,2083700,-
4,FM999788,1,1779099,1785617,-
4,CP012694,1,2184612,2191116,+
4,CP020422,1,293309,299828,-
4,CP002422,1,620184,626735,+
4,CP020401,1,1309875,1316393,+
4,AL157959,1,739199,745718,+
4,CP007524,1,746964,753483,+
4,FR774048,1,510426,516944,+
4,CP016660,1,1196749,1203267,-
4,CP012392,1,1662857,1669375,-
3,CP016647,1,52897,62409,+
3,CP016646,1,1068655,1078167,+
3,CP016654,1,667710,677222,+
3,CP020402,1,2170258,2179633,-
3,CP000381,1,521487,530843,+
3,CP016680,1,1102719,1112231,-
3,CP016672,1,1976488,1986000,-
3,CP016883,1,489810,499322,+
3,CP016682,1,2083702,2093214,-
3,FM999788,1,1785619,1794978,-
3,CP012694,1,2175254,2184611,+
3,CP020422,1,299830,309205,-
3,CP002422,1,608129,617486,+
3,CP020401,1,1300516,1309874,+
3,AL157959,1,729842,739198,+
3,CP007524,1,737606,746963,+
3,FR774048,1,501068,510425,+
3,CP016660,1,1203269,1212781,-
3,CP012392,1,1669377,1678886,-
2,CP016647,1,25251,48163,+
2,CP016646,1,1041010,1063922,+
2,CP016654,1,640065,662977,+
2,CP020402,1,2181833,2205025,-
2,CP000381,1,494175,517361,+
2,CP016680,1,1118198,1141110,-
2,CP016672,1,1990733,2013645,-
2,CP016883,1,462168,485077,+
2,CP016682,1,2097947,2120859,-
2,FM999788,1,1796992,1819801,-
2,CP012694,1,2149433,2172301,+
2,CP020422,1,311405,334597,-
2,CP002422,1,583032,606131,+
2,CP020401,1,1275331,1298315,+
2,AL157959,1,703601,726885,+
2,CP007524,1,711785,734653,+
2,FR774048,1,475247,498115,+
2,CP016660,1,1217514,1240426,-
2,CP012392,1,1684842,1707755,-
1,CP016647,1,10569,25249,+
1,CP016646,1,1026328,1041008,+
1,CP016654,1,625383,640063,+
1,CP020402,1,2205026,2219751,-
1,CP000381,1,479631,494173,+
1,CP016680,1,1141111,1155792,-
1,CP016672,1,2013646,2028327,-
1,CP016883,1,447487,462166,+
1,CP016682,1,2120860,2135540,-
1,FM999788,1,1819802,1834820,-
1,CP012694,1,2134744,2149431,+
1,CP020422,1,334598,349323,-
1,CP002422,1,568153,583030,+
1,CP020401,1,1259795,1274484,+
1,AL157959,1,688884,703599,+
1,CP007524,1,697095,711783,+
1,FR774048,1,460567,475245,+
1,CP016660,1,1240427,1255108,-
1,CP012392,1,1707756,1722740,-
14,CP016647,1,244377,262499,+
14,CP016646,1,1262203,1280325,+
14,CP016654,1,860376,878498,+
14,CP020402,1,1964814,1982986,-
14,CP000381,1,713798,732195,+
14,CP016680,1,901738,919860,-
14,CP016672,1,1776652,1794774,-
14,CP016883,1,680991,699113,+
14,CP016682,1,1882596,1900718,-
14,FM999788,1,1582814,1601091,-
14,CP012694,1,175536,193656,+
14,CP020422,1,94386,112558,-
14,CP002422,1,803354,821629,+
14,CP020401,1,1499665,1517755,+
14,AL157959,1,921243,939363,+
14,CP007524,1,928583,946703,+
14,FR774048,1,692070,710190,+
14,CP016660,1,1003145,1021266,-
14,CP012392,1,1468995,1487361,-
15,CP016647,1,262680,278291,+
15,CP016646,1,1280506,1296117,+
15,CP016654,1,878679,894290,+
15,CP020402,1,1949171,1964629,-
15,CP000381,1,732376,747823,+
15,CP016680,1,885946,901557,-
15,CP016672,1,1760860,1776471,-
15,CP016883,1,699294,714905,+
15,CP016682,1,1866804,1882415,-
15,FM999788,1,1567175,1582530,-
15,CP012694,1,193940,209401,+
15,CP020422,1,78743,94201,-
15,CP002422,1,821913,837500,+
15,CP020401,1,1517985,1533598,+
15,AL157959,1,939647,955122,+
15,CP007524,1,946987,962447,+
15,FR774048,1,710474,725935,+
15,CP016660,1,987353,1002964,-
15,CP012392,1,1452486,1468054,-
16,CP016647,1,278418,306602,+
16,CP016646,1,1296244,1324428,+
16,CP016654,1,894417,922601,+
16,CP020402,1,1920999,1949041,-
16,CP000381,1,752273,780058,+
16,CP016680,1,857635,885819,-
16,CP016672,1,1732549,1760733,-
16,CP016883,1,715032,743214,+
16,CP016682,1,1838461,1866677,-
16,FM999788,1,1539025,1567048,-
16,CP012694,1,209528,237687,+
16,CP020422,1,50571,78613,-
16,CP002422,1,837630,865784,+
16,CP020401,1,1533728,1561899,+
16,AL157959,1,955249,983409,+
16,CP007524,1,962574,990733,+
16,FR774048,1,726062,754222,+
16,CP016660,1,959042,987226,-
16,CP012392,1,1424208,1452363,-
17,CP016647,1,314109,321898,+
17,CP016646,1,1331935,1339724,+
17,CP016654,1,930108,937897,+
17,CP020402,1,1907668,1915301,-
17,CP000381,1,789684,797471,+
17,CP016680,1,842339,850128,-
17,CP016672,1,1717253,1725042,-
17,CP016883,1,750719,758508,+
17,CP016682,1,1823165,1830954,-
17,FM999788,1,1526858,1534488,-
17,CP012694,1,244684,252472,+
17,CP020422,1,37240,44873,-
17,CP002422,1,870184,877823,+
17,CP020401,1,1568555,1576192,+
17,AL157959,1,990406,998192,+
17,CP007524,1,997730,1005518,+
17,FR774048,1,761219,769007,+
17,CP016660,1,943746,951535,-
17,CP012392,1,1408903,1416690,-
18,CP016647,1,327077,330154,+
18,CP016646,1,1344903,1347980,+
18,CP016654,1,943076,946153,+
18,CP020402,1,1900585,1903685,-
18,CP000381,1,801667,804768,+
18,CP016680,1,834083,837160,-
18,CP016672,1,1708997,1712074,-
18,CP016883,1,763685,766762,+
18,CP016682,1,1814909,1817986,-
18,CP012694,1,256564,259640,+
18,CP020422,1,30157,33257,-
18,CP002422,1,881506,884590,+
18,CP020401,1,1579778,1582878,+
18,AL157959,1,1002285,1005361,+
18,CP007524,1,1009610,1012686,+
18,FR774048,1,773100,776176,+
18,CP016660,1,935490,938567,-
18,CP012392,1,1400957,1404057,-
19,CP016647,1,330273,352560,+
19,CP016646,1,1348099,1370386,+
19,CP016654,1,946272,968559,+
19,CP020402,1,1878382,1900489,-
19,CP000381,1,805017,828330,+
19,CP016680,1,811677,833964,-
19,CP016672,1,1686591,1708878,-
19,CP016883,1,766881,789166,+
19,CP016682,1,1792503,1814790,-
19,FM999788,1,1504382,1526722,-
19,CP012694,1,259766,281918,+
19,CP020422,1,7954,30061,-
19,CP002422,1,884792,907043,+
19,CP020401,1,1582974,1605230,+
19,AL157959,1,1005487,1027666,+
19,CP007524,1,1012812,1034963,+
19,FR774048,1,776302,798452,+
19,CP016660,1,913084,935371,-
19,CP012392,1,1378586,1400861,-
20,CP016647,1,356264,359931,+
20,CP016646,1,1374090,1377757,+
20,CP016654,1,972263,975930,+
20,CP020402,1,1870448,1874115,-
20,CP000381,1,829371,833038,+
20,CP016680,1,804305,807973,-
20,CP016672,1,1679224,1682891,-
20,CP016883,1,792869,796536,+
20,CP016682,1,1785132,1788799,-
20,FM999788,1,1497458,1501126,-
20,CP012694,1,286338,290005,+
20,CP020422,1,20,3687,-
20,CP002422,1,910496,914163,+
20,CP020401,1,1607628,1611281,+
20,AL157959,1,1032088,1035755,+
20,CP007524,1,1039383,1043050,+
20,FR774048,1,802872,806538,+
20,CP016660,1,905713,909380,-
20,CP012392,1,1370851,1374509,-
21,CP016647,1,362121,375285,+
21,CP016646,1,1379947,1393111,+
21,CP016654,1,978120,991284,+
21,CP020402,1,1855095,1868258,-
21,CP000381,1,835228,848391,+
21,CP016680,1,788950,802115,-
21,CP016672,1,1663870,1677035,-
21,CP016883,1,798726,811888,+
21,CP016682,1,1769777,1782942,-
21,FM999788,1,1482098,1495268,-
21,CP012694,1,292195,305488,+
21,CP020422,1,2290472,2303635,-
21,CP002422,1,916353,929516,+
21,CP020401,1,1615427,1628575,+
21,AL157959,1,1037835,1051122,+
21,CP007524,1,1045240,1058526,+
21,FR774048,1,808728,822021,+
21,CP016660,1,890358,903523,-
21,CP012392,1,1355494,1368661,-
22,CP016647,1,376458,382268,+
22,CP016646,1,1394284,1400095,+
22,CP016654,1,992457,998267,+
22,CP020402,1,1845575,1851398,-
22,CP000381,1,850298,856159,+
22,CP016680,1,782535,788345,-
22,CP016672,1,1657455,1663265,-
22,CP016883,1,812494,818304,+
22,CP016682,1,1762795,1768605,-
22,FM999788,1,1474279,1480127,-
22,CP012694,1,305948,311812,+
22,CP020422,1,2280952,2286775,-
22,CP002422,1,931403,937213,+
22,CP020401,1,1630876,1636711,+
22,AL157959,1,1052294,1058151,+
22,CP007524,1,1058992,1064856,+
22,FR774048,1,822407,828271,+
22,CP016660,1,883376,889186,-
22,CP012392,1,1348501,1354322,-
23,CP016647,1,391576,397536,+
23,CP016646,1,1410248,1416208,+
23,CP016654,1,1007575,1013535,+
23,CP020402,1,1805216,1811178,-
23,CP000381,1,863039,868997,+
23,CP016680,1,767267,773227,-
23,CP016672,1,1642187,1648147,-
23,CP016883,1,827612,833572,+
23,CP016682,1,1747527,1753487,-
23,FM999788,1,1436713,1442670,-
23,CP012694,1,319511,325471,+
23,CP020422,1,2240593,2246555,-
23,CP002422,1,970162,976013,+
23,CP020401,1,1672047,1678008,+
23,AL157959,1,1065557,1071517,+
23,CP007524,1,1072555,1078515,+
23,FR774048,1,834780,840740,+
23,CP016660,1,868418,874378,-
23,CP012392,1,1334749,1340710,-
24,CP016647,1,400978,415077,+
24,CP016646,1,1419435,1433534,+
24,CP016654,1,1016980,1031079,+
24,CP020402,1,1787507,1801532,-
24,CP000381,1,872391,886487,+
24,CP016680,1,749956,764055,-
24,CP016672,1,1624866,1638965,-
24,CP016883,1,836799,850897,+
24,CP016682,1,1730206,1744305,-
24,FM999788,1,1419182,1433281,-
24,CP012694,1,328483,342243,+
24,CP020422,1,2222884,2236909,-
24,CP002422,1,980267,994334,+
24,CP020401,1,1681158,1695257,+
24,AL157959,1,1071696,1085951,+
24,CP007524,1,1081527,1095287,+
24,FR774048,1,843313,857236,+
24,CP016660,1,851082,865181,-
24,CP012392,1,1314991,1329074,-
25,CP016647,1,415117,435177,+
25,CP016646,1,1433574,1453635,+
25,CP016654,1,1031119,1051180,+
25,CP020402,1,1767409,1787467,-
25,CP000381,1,886534,906589,+
25,CP016680,1,729855,749916,-
25,CP016672,1,1604765,1624826,-
25,CP016883,1,850937,870998,+
25,CP016682,1,1710105,1730166,-
25,FM999788,1,1399087,1419142,-
25,CP012694,1,342283,362488,+
25,CP020422,1,2202786,2222844,-
25,CP002422,1,994374,1014462,+
25,CP020401,1,1696142,1716199,+
25,AL157959,1,1085990,1106077,+
25,CP007524,1,1095327,1115532,+
25,FR774048,1,857283,877493,+
25,CP016660,1,830981,851042,-
25,CP012392,1,1294892,1314944,-
26,CP016647,1,438236,448185,+
26,CP016646,1,1456694,1466643,+
26,CP016654,1,1054239,1064188,+
26,CP020402,1,1755112,1764383,-
26,CP000381,1,909702,918821,+
26,CP016680,1,716846,726796,-
26,CP016672,1,1591757,1601706,-
26,CP016883,1,874057,884005,+
26,CP016682,1,1697097,1707046,-
26,FM999788,1,1387011,1395988,-
26,CP012694,1,365445,374567,+
26,CP020422,1,2190489,2199760,-
26,CP002422,1,1017333,1026602,+
26,CP020401,1,1719231,1728604,+
26,AL157959,1,1109109,1118686,+
26,CP007524,1,1118489,1127460,+
26,FR774048,1,880450,889570,+
26,CP016660,1,818708,827922,-
26,CP012392,1,1282082,1291457,-
27,CP016647,1,453565,461421,+
27,CP016646,1,1472023,1479879,+
27,CP016654,1,1069568,1077424,+
27,CP020402,1,1742013,1749868,-
27,CP000381,1,923529,931388,+
27,CP016680,1,703610,711465,-
27,CP016672,1,1578521,1586376,-
27,CP016883,1,889384,897240,+
27,CP016682,1,1683861,1691716,-
27,FM999788,1,1374453,1382307,-
27,CP012694,1,379277,387147,+
27,CP020422,1,2177390,2185245,-
27,CP002422,1,1029983,1037836,+
27,CP020401,1,1734713,1742567,+
27,AL157959,1,1123394,1131267,+
27,CP007524,1,1132169,1140039,+
27,FR774048,1,894281,902151,+
27,CP016660,1,805472,813327,-
27,CP012392,1,1269667,1277522,-
28,CP016647,1,471390,480870,+
28,CP016646,1,1489848,1499328,+
28,CP016654,1,1087393,1096873,+
28,CP020402,1,1719391,1729443,-
28,CP000381,1,940953,950437,+
28,CP016680,1,684161,693640,-
28,CP016672,1,1559071,1568550,-
28,CP016883,1,907209,916689,+
28,CP016682,1,1664412,1673891,-
28,FM999788,1,1351927,1361982,-
28,CP012694,1,398108,407603,+
28,CP020422,1,2154769,2164821,-
28,CP002422,1,1050213,1059801,+
28,CP020401,1,1754891,1764942,+
28,AL157959,1,1143282,1152777,+
28,CP007524,1,1150999,1160494,+
28,FR774048,1,913387,922882,+
28,CP016660,1,786023,795502,-
28,CP012392,1,1250084,1259577,-
29,CP016647,1,482635,485868,+
29,CP016646,1,1501093,1504326,+
29,CP016654,1,1098638,1101871,+
29,CP020402,1,1714149,1717408,-
29,CP000381,1,952202,955446,+
29,CP016680,1,679164,682395,-
29,CP016672,1,1554073,1557305,-
29,CP016883,1,918453,921685,+
29,CP016682,1,1659414,1662646,-
29,FM999788,1,1346882,1350105,-
29,CP012694,1,412326,415545,+
29,CP020422,1,2149527,2152786,-
29,CP002422,1,1061783,1065044,+
29,CP020401,1,1766922,1770182,+
29,AL157959,1,1157500,1160719,+
29,CP007524,1,1165217,1168436,+
29,FR774048,1,927605,930824,+
29,CP016660,1,781025,784257,-
29,CP012392,1,1245115,1248331,-
60,CP016647,1,971921,974977,+
60,CP016646,1,1988533,1992672,+
60,CP016654,1,1586960,1590016,+
60,CP020402,1,1249491,1252547,-
60,CP000381,1,1424624,1427677,+
60,CP016680,1,193621,196677,-
60,CP016672,1,1068652,1071708,-
60,CP016883,1,1404942,1407998,+
60,CP016682,1,1172184,1175240,-
60,FM999788,1,883795,886848,-
60,CP012694,1,887168,890221,+
60,CP020422,1,1684880,1687936,-
60,CP002422,1,1530912,1533965,+
60,CP020401,1,2306549,2309602,+
60,AL157959,1,1626966,1630023,+
60,CP007524,1,1639178,1642235,+
60,FR774048,1,1403346,1406403,+
60,CP016660,1,294695,297751,-
60,CP012392,1,772155,775208,-
61,CP016647,1,975910,1001955,+
61,CP016646,1,1993605,2019654,+
61,CP016654,1,1590949,1616990,+
61,CP020402,1,1222331,1248109,-
61,CP000381,1,1428050,1453324,+
61,CP016680,1,166655,192688,-
61,CP016672,1,1041642,1067719,-
61,CP016883,1,1408931,1435014,+
61,CP016682,1,1145174,1171251,-
61,FM999788,1,856925,882991,-
61,CP012694,1,890744,916766,+
61,CP020422,1,1657720,1683498,-
61,CP002422,1,1534894,1561457,+
61,CP020401,1,2312086,2338785,+
61,AL157959,1,1630835,1656184,+
61,CP007524,1,1643198,1668346,+
61,FR774048,1,1406800,1431949,+
61,CP016660,1,267685,293762,-
61,CP012392,1,745185,770920,-
62,CP016647,1,1004520,1019578,+
62,CP016646,1,2022219,2037277,+
62,CP016654,1,1619555,1634613,+
62,CP020402,1,1204611,1219775,-
62,CP000381,1,1454292,1469535,+
62,CP016680,1,149032,164090,-
62,CP016672,1,1024019,1039077,-
62,CP016883,1,1437579,1452637,+
62,CP016682,1,1127551,1142609,-
62,FM999788,1,838756,854217,-
62,CP012694,1,919319,934457,+
62,CP020422,1,1640000,1655164,-
62,CP002422,1,1564016,1579161,+
62,CP020401,1,2342181,2357351,+
62,AL157959,1,1658737,1673888,+
62,CP007524,1,1670899,1686038,+
62,FR774048,1,1434502,1449641,+
62,CP016660,1,250062,265120,-
62,CP012392,1,726810,741869,-
63,CP016647,1,1023314,1027816,+
63,CP016646,1,2041013,2045515,+
63,CP016654,1,1638349,1642851,+
63,CP020402,1,1196750,1201333,-
63,CP000381,1,1472184,1476716,+
63,CP016680,1,141226,145728,-
63,CP016672,1,1016213,1020715,-
63,CP016682,1,1119313,1123815,-
63,FM999788,1,831907,836490,-
63,CP012694,1,936472,941004,+
63,CP020422,1,1632139,1636722,-
63,CP002422,1,1580580,1585085,+
63,CP020401,1,2358737,2363329,+
63,AL157959,1,1676257,1680852,+
63,CP007524,1,1688029,1692561,+
63,FR774048,1,1451632,1456164,+
63,CP016660,1,241824,246326,-
63,CP012392,1,719948,724504,-
64,CP016647,1,1032962,1044780,+
64,CP016646,1,2049843,2061661,+
64,CP016654,1,1647997,1659815,+
64,CP020402,1,1179895,1191709,-
64,CP000381,1,1482257,1493897,+
64,CP016680,1,124262,136080,-
64,CP016672,1,999249,1011067,-
64,CP016883,1,1456786,1468604,+
64,CP016682,1,1102349,1114167,-
64,FM999788,1,818098,829904,-
64,CP012694,1,944744,956383,+
64,CP020422,1,1615284,1627098,-
64,CP002422,1,1591477,1603115,+
64,CP020401,1,2367967,2379606,+
64,AL157959,1,1684347,1696007,+
64,CP007524,1,1696302,1707941,+
64,FR774048,1,1459165,1470804,+
64,CP016660,1,224860,236678,-
64,CP012392,1,705233,717039,-
65,CP016647,1,1044935,1061166,+
65,CP016646,1,2061816,2078047,+
65,CP016654,1,1659970,1676201,+
65,CP020402,1,1163445,1179740,-
65,CP000381,1,1494052,1510333,+
65,CP016680,1,107875,124107,-
65,CP016672,1,982862,999094,-
65,CP016883,1,1468759,1484988,+
65,CP016682,1,1085962,1102194,-
65,FM999788,1,801798,817931,-
65,CP012694,1,956538,972755,+
65,CP020422,1,1598834,1615129,-
65,CP002422,1,1603270,1619505,+
65,CP020401,1,2379761,2396004,+
65,AL157959,1,1696162,1712442,+
65,CP007524,1,1708096,1724313,+
65,FR774048,1,1470959,1487176,+
65,CP016660,1,208473,224705,-
65,CP012392,1,687573,704314,-
66,CP016647,1,1061168,1068234,+
66,CP016646,1,2078049,2085115,+
66,CP016654,1,1676203,1683269,+
66,CP020402,1,1143419,1150484,-
66,CP000381,1,1510335,1517400,+
66,CP016680,1,100808,107874,-
66,CP016672,1,975795,982861,-
66,CP016883,1,1484990,1492055,+
66,CP016682,1,1078895,1085961,-
66,FM999788,1,781750,788815,-
66,CP012694,1,972757,979823,+
66,CP020422,1,1578808,1585873,-
66,CP002422,1,1632488,1639553,+
66,CP020401,1,10146,17206,+
66,AL157959,1,1712444,1719510,+
66,CP007524,1,1724315,1731381,+
66,FR774048,1,1487178,1494244,+
66,CP016660,1,201406,208472,-
66,CP012392,1,680506,687572,-
67,CP016647,1,1069395,1080138,+
67,CP016646,1,2086276,2097019,+
67,CP016654,1,1684430,1695173,+
67,CP020402,1,1131466,1142258,-
67,CP000381,1,1518460,1529249,+
67,CP016680,1,88904,99647,-
67,CP016672,1,963891,974634,-
67,CP016883,1,1493216,1503959,+
67,CP016682,1,1066991,1077734,-
67,FM999788,1,768530,779271,-
67,CP012694,1,982106,992849,+
67,CP020422,1,1566855,1577647,-
67,CP002422,1,1640458,1651250,+
67,CP020401,1,17804,28595,+
67,AL157959,1,1721792,1732535,+
67,CP007524,1,1733664,1744407,+
67,FR774048,1,1496527,1507074,+
67,CP016660,1,189502,200245,-
67,CP012392,1,667343,678137,-
68,CP016647,1,1080139,1084704,+
68,CP016646,1,2097020,2101585,+
68,CP016654,1,1695174,1699739,+
68,CP000381,1,1529250,1534021,+
68,CP016680,1,84338,88902,-
68,CP016672,1,959325,963889,-
68,CP016883,1,1503960,1508525,+
68,CP016682,1,1062425,1066989,-
68,CP012694,1,992850,997413,+
68,AL157959,1,1732536,1737110,+
68,CP007524,1,1744408,1748971,+
68,FR774048,1,1507075,1511638,+
68,CP016660,1,184936,189500,-
68,CP012392,1,662472,667341,-
69,CP016647,1,1084938,1091271,+
69,CP016646,1,2101819,2108152,+
69,CP016654,1,1699973,1706306,+
69,CP020402,1,1120437,1126768,-
69,CP000381,1,1534255,1540587,+
69,CP016680,1,77771,84104,-
69,CP016672,1,952758,959091,-
69,CP016883,1,1508759,1515092,+
69,CP016682,1,1055858,1062191,-
69,FM999788,1,757896,763831,-
69,CP012694,1,997647,1003978,+
69,CP020422,1,1555826,1562157,-
69,CP002422,1,1655948,1662275,+
69,CP020401,1,33293,39623,+
69,AL157959,1,1745375,1751706,+
69,CP007524,1,1749205,1755536,+
69,FR774048,1,1512955,1519286,+
69,CP016660,1,178369,184702,-
69,CP012392,1,655906,662238,-
70,CP016647,1,1091731,1099241,+
70,CP016646,1,2108612,2116122,+
70,CP016654,1,1706766,1714276,+
70,CP020402,1,1112084,1119591,-
70,CP000381,1,1541277,1548618,+
70,CP016680,1,69801,77310,-
70,CP016672,1,944788,952297,-
70,CP016883,1,1515552,1523062,+
70,CP016682,1,1047888,1055397,-
70,FM999788,1,749599,757173,-
70,CP012694,1,1004510,1012045,+
70,CP020422,1,1547473,1554980,-
70,CP002422,1,1662938,1670285,+
70,CP020401,1,41215,48548,+
70,AL157959,1,1752238,1759773,+
70,CP007524,1,1756068,1763603,+
70,FR774048,1,1519818,1527353,+
70,CP016660,1,170399,177908,-
70,CP012392,1,647738,655247,-
71,CP016647,1,1117620,1136334,+
71,CP016646,1,2132721,2151435,+
71,CP016654,1,1732670,1751384,+
71,CP020402,1,1076361,1094953,-
71,CP000381,1,1565489,1584290,+
71,CP016680,1,32708,51421,-
71,CP016672,1,907685,926398,-
71,CP016883,1,1541471,1560184,+
71,CP016682,1,1011146,1029859,-
71,FM999788,1,714564,733155,-
71,CP012694,1,1068316,1086960,+
71,CP020422,1,1511750,1530342,-
71,CP002422,1,1686259,1704976,+
71,CP020401,1,65026,83614,+
71,AL157959,1,1816058,1834579,+
71,CP007524,1,1818778,1837422,+
71,FR774048,1,1582198,1600842,+
71,CP016660,1,133301,152014,-
71,CP012392,1,611201,629793,-
72,CP016647,1,1136335,1140698,+
72,CP016646,1,2151436,2155799,+
72,CP016654,1,1751385,1755748,+
72,CP020402,1,1071995,1076359,-
72,CP000381,1,1585245,1589584,+
72,CP016680,1,28343,32706,-
72,CP016672,1,903320,907683,-
72,CP016883,1,1560185,1564548,+
72,CP016682,1,1006781,1011144,-
72,FM999788,1,707575,711908,-
72,CP012694,1,1088383,1092722,+
72,CP020422,1,1507384,1511748,-
72,CP002422,1,1706406,1710743,+
72,CP020401,1,85046,89386,+
72,AL157959,1,1836002,1840341,+
72,CP007524,1,1838845,1843184,+
72,FR774048,1,1602265,1606604,+
72,CP016660,1,128936,133299,-
72,CP012392,1,606836,611199,-
73,CP016647,1,1141761,1147461,+
73,CP016647,1,1436397,1442132,+
73,CP016647,1,1685533,1691233,+
73,CP016647,1,1886086,1891814,-
73,CP016646,1,277784,283517,+
73,CP016646,1,526924,532624,+
73,CP016646,1,719981,725712,-
73,CP016646,1,2156862,2162562,+
73,CP016654,1,115540,121240,+
73,CP016654,1,317563,323291,-
73,CP016654,1,1756811,1762511,+
73,CP016654,1,2052102,2057837,+
73,CP020402,1,158794,164526,+
73,CP020402,1,421559,427291,+
73,CP020402,1,626044,631769,-
73,CP020402,1,1063976,1069699,-
73,CP000381,1,56277,62012,-
73,CP000381,1,182370,188098,-
73,CP000381,1,1590647,1596382,+
73,CP000381,1,1885420,1891155,+
73,CP016680,1,21546,27281,-
73,CP016680,1,1458079,1463805,+
73,CP016680,1,1649944,1655644,-
73,CP016680,1,1900131,1905866,-
73,CP016672,1,159683,165411,+
73,CP016672,1,352802,358502,-
73,CP016672,1,601909,607642,-
73,CP016672,1,896523,902258,-
73,CP016883,1,140154,145876,-
73,CP016883,1,1565611,1571343,+
73,CP016883,1,1860268,1866001,+
73,CP016883,1,2109392,2115091,+
73,CP016682,1,254931,260624,+
73,CP016682,1,455291,460991,-
73,CP016682,1,704186,709919,-
73,CP016682,1,1000019,1005719,-
73,FM999788,1,57661,63396,-
73,FM999788,1,314904,320639,-
73,FM999788,1,700773,706507,-
73,FM999788,1,2138794,2144521,+
73,CP012694,1,1093785,1099516,+
73,CP012694,1,1383660,1389396,+
73,CP012694,1,1635760,1641496,+
73,CP012694,1,1830280,1836009,-
73,CP020422,1,594184,599916,+
73,CP020422,1,856949,862681,+
73,CP020422,1,1061434,1067158,-
73,CP020422,1,1499365,1505088,-
73,CP002422,1,60980,66714,-
73,CP002422,1,322431,328165,-
73,CP002422,1,1713041,1718766,+
73,CP002422,1,2145375,2151101,+
73,CP020401,1,91682,97407,+
73,CP020401,1,352169,357896,+
73,CP020401,1,558744,564478,-
73,CP020401,1,825350,831084,-
73,AL157959,1,194393,200129,+
73,AL157959,1,391108,396839,-
73,AL157959,1,1841404,1847143,+
73,AL157959,1,2130831,2136567,+
73,CP007524,1,198113,203849,+
73,CP007524,1,392756,398485,-
73,CP007524,1,1844247,1849983,+
73,CP007524,1,2134461,2140197,+
73,FR774048,1,154860,160591,-
73,FR774048,1,1607667,1613405,+
73,FR774048,1,1938467,1944204,+
73,FR774048,1,2188003,2193740,+
73,CP016660,1,122174,127874,-
73,CP016660,1,1555443,1561171,+
73,CP016660,1,1753420,1759120,-
73,CP016660,1,2002512,2008245,-
73,CP012392,1,53616,59351,-
73,CP012392,1,311149,316884,-
73,CP012392,1,600039,605774,-
73,CP012392,1,2026592,2032320,+
74,CP016647,1,1147609,1155883,+
74,CP016646,1,2162710,2170984,+
74,CP016654,1,1762659,1770933,+
74,CP020402,1,1055555,1063832,-
74,CP000381,1,1596526,1604803,+
74,CP016680,1,13124,21397,-
74,CP016672,1,888101,896374,-
74,CP016883,1,1571491,1579763,+
74,CP016682,1,991597,999870,-
74,FM999788,1,692351,700623,-
74,CP012694,1,1099663,1107937,+
74,CP020422,1,1490944,1499221,-
74,CP002422,1,1718914,1727187,+
74,CP020401,1,97551,105828,+
74,AL157959,1,1847291,1855564,+
74,CP007524,1,1850132,1858404,+
74,FR774048,1,1613554,1621827,+
74,CP016660,1,113752,122025,-
74,CP012392,1,591618,599890,-
75,CP016647,1,1160281,1168843,+
75,CP016646,1,1696,10258,+
75,CP016654,1,1775331,1783893,+
75,CP020402,1,1042227,1050899,-
75,CP000381,1,1609202,1617851,+
75,CP016680,1,165,8727,-
75,CP016672,1,875141,883703,-
75,CP016883,1,1584160,1592722,+
75,CP016682,1,978637,987199,-
75,FM999788,1,678267,686825,-
75,CP012694,1,1110839,1119499,+
75,CP020422,1,1477616,1486288,-
75,CP002422,1,1731486,1740041,+
75,CP020401,1,110109,118667,+
75,AL157959,1,1858467,1867127,+
75,CP007524,1,1861305,1869965,+
75,FR774048,1,1623619,1632115,+
75,CP016660,1,100792,109354,-
75,CP012392,1,581584,590139,-
76,CP016647,1,1169013,1193473,+
76,CP016646,1,10428,34888,+
76,CP016654,1,1784063,1808523,+
76,CP020402,1,1017446,1042067,-
76,CP000381,1,1618021,1642442,+
76,CP016680,1,2149436,2173896,-
76,CP016672,1,850511,874971,-
76,CP016883,1,1592892,1617352,+
76,CP016682,1,954007,978467,-
76,FM999788,1,653744,678097,-
76,CP012694,1,1119659,1144037,+
76,CP020422,1,1452835,1477456,-
76,CP002422,1,1740201,1764639,+
76,CP020401,1,118827,143200,+
76,AL157959,1,1867287,1890917,+
76,CP007524,1,1870125,1894503,+
76,FR774048,1,1632275,1656760,+
76,CP016660,1,76162,100622,-
76,CP012392,1,557080,581424,-
77,CP016647,1,1194076,1202398,+
77,CP016646,1,35491,43813,+
77,CP016654,1,1809126,1817448,+
77,CP020402,1,1008530,1016853,-
77,CP000381,1,1643045,1651214,+
77,CP016680,1,2140511,2148833,-
77,CP016672,1,841586,849908,-
77,CP016883,1,1617955,1626276,+
77,CP016682,1,945082,953404,-
77,FM999788,1,643086,651447,-
77,CP012694,1,1144958,1153316,+
77,CP020422,1,1443919,1452242,-
77,CP002422,1,1765242,1773602,+
77,CP020401,1,1205966,1214580,-
77,AL157959,1,1891838,1900196,+
77,CP007524,1,1895424,1903782,+
77,FR774048,1,1657681,1666039,+
77,CP016660,1,67237,75559,-
77,CP012392,1,548164,556486,-
78,CP016647,1,1203422,1212321,+
78,CP016646,1,44837,53736,+
78,CP016654,1,1818472,1827371,+
78,CP020402,1,999411,1008221,-
78,CP000381,1,1652238,1661047,+
78,CP016680,1,2129742,2138642,-
78,CP016672,1,831662,840562,-
78,CP016883,1,1627300,1636199,+
78,CP016682,1,935158,944058,-
78,FM999788,1,633245,642062,-
78,CP012694,1,1153628,1162430,+
78,CP020422,1,1434800,1443610,-
78,CP002422,1,1774626,1783368,+
78,CP020401,1,1196032,1204942,-
78,AL157959,1,1900508,1909317,+
78,CP007524,1,1904094,1912896,+
78,FR774048,1,1666351,1675156,+
78,CP016660,1,57313,66213,-
78,CP012392,1,538236,547140,-
79,CP016647,1,1212460,1230809,+
79,CP016646,1,53875,72224,+
79,CP016654,1,1827510,1845859,+
79,CP020402,1,980085,998428,-
79,CP000381,1,1661186,1679531,+
79,CP016680,1,2111255,2129603,-
79,CP016672,1,813174,831523,-
79,CP016883,1,1636338,1654687,+
79,CP016682,1,916670,935019,-
79,FM999788,1,614754,633106,-
79,CP012694,1,1162569,1180923,+
79,CP020422,1,1415474,1433817,-
79,CP002422,1,1783507,1801856,+
79,CP020401,1,1177553,1195893,-
79,AL157959,1,1909456,1927810,+
79,CP007524,1,1913035,1931389,+
79,FR774048,1,1675295,1693649,+
79,CP016660,1,38825,57174,-
79,CP012392,1,519745,538097,-
80,CP016647,1,1231483,1234831,+
80,CP016646,1,72898,76246,+
80,CP016654,1,1846533,1849881,+
80,CP020402,1,976075,979412,-
80,CP000381,1,1680205,1683554,+
80,CP016680,1,2107234,2110582,-
80,CP016672,1,809153,812501,-
80,CP016883,1,1655361,1658709,+
80,CP016682,1,912687,915997,-
80,FM999788,1,610816,614084,-
80,CP012694,1,1181597,1184934,+
80,CP020422,1,1411464,1414801,-
80,CP002422,1,1802530,1805868,+
80,CP020401,1,1173532,1176880,-
80,AL157959,1,1928481,1931818,+
80,CP007524,1,1932063,1935400,+
80,FR774048,1,1694323,1697660,+
80,CP016660,1,34804,38152,-
80,CP012392,1,515727,519075,-
81,CP016647,1,1235911,1239996,+
81,CP016646,1,77326,81411,+
81,CP016654,1,1850961,1855046,+
81,CP020402,1,970970,975044,-
81,CP000381,1,1684634,1688708,+
81,CP016680,1,2102069,2106153,-
81,CP016672,1,803988,808072,-
81,CP016883,1,1659789,1663874,+
81,CP016682,1,906401,910485,-
81,FM999788,1,605701,609785,-
81,CP012694,1,1185964,1190038,+
81,CP020422,1,1406359,1410433,-
81,CP002422,1,1806909,1810994,+
81,CP020401,1,1168416,1172500,-
81,AL157959,1,1932848,1937057,+
81,CP007524,1,1936430,1940504,+
81,FR774048,1,1698690,1702764,+
81,CP016660,1,29639,33723,-
81,CP012392,1,510612,514696,-
82,CP016647,1,1243938,1262761,+
82,CP016646,1,85353,104176,+
82,CP016654,1,1858988,1877811,+
82,CP020402,1,2261674,2280539,+
82,CP000381,1,1692585,1711409,+
82,CP016680,1,2079304,2098129,-
82,CP016672,1,781222,800047,-
82,CP016883,1,1667814,1686636,+
82,CP016682,1,883635,902460,-
82,FM999788,1,499520,518346,-
82,CP012694,1,1193962,1212785,+
82,CP020422,1,391246,410111,+
82,CP002422,1,503989,522815,-
82,CP020401,1,146840,165663,+
82,AL157959,1,1940981,1959804,+
82,CP007524,1,1944428,1963251,+
82,FR774048,1,1706691,1725514,+
82,CP016660,1,6873,25698,-
82,CP012392,1,487912,506738,-
83,CP016647,1,1266589,1269642,+
83,CP016646,1,108004,111057,+
83,CP016654,1,1881639,1884692,+
83,CP020402,1,2285285,2288344,+
83,CP000381,1,1713281,1716334,+
83,CP016680,1,2072424,2075477,-
83,CP016672,1,774342,777395,-
83,CP016883,1,1690464,1693517,+
83,CP016682,1,876755,879808,-
83,FM999788,1,492101,495150,-
83,CP012694,1,1215278,1218329,+
83,CP020422,1,414857,417916,+
83,CP002422,1,498991,502029,-
83,CP020401,1,170045,173089,+
83,AL157959,1,1962565,1965606,+
83,CP007524,1,1965744,1968792,+
83,FR774048,1,1728162,1731213,+
83,CP016660,1,1,3046,-
83,CP012392,1,481808,484867,-
84,CP016647,1,1273484,1282710,+
84,CP016646,1,114899,124125,+
84,CP016654,1,1888534,1897760,+
84,CP020402,1,2296412,2305818,+
84,CP000381,1,1723003,1732249,+
84,CP016680,1,2059332,2068558,-
84,CP016672,1,761250,770476,-
84,CP016883,1,1697383,1706608,+
84,CP016682,1,863663,872889,-
84,FM999788,1,474494,483730,-
84,CP012694,1,1221902,1231052,+
84,CP020422,1,425984,435396,+
84,CP002422,1,485040,494424,-
84,CP020401,1,180134,189546,+
84,AL157959,1,1969684,1978829,+
84,CP007524,1,1972719,1981869,+
84,FR774048,1,1734333,1743744,+
84,CP016660,1,2161912,2171138,-
84,CP012392,1,469716,479107,-
85,CP016647,1,1282711,1286251,+
85,CP016646,1,124126,127666,+
85,CP016654,1,1897761,1901301,+
85,CP020402,1,1,3566,+
85,CP000381,1,1732250,1735809,+
85,CP016680,1,2055791,2059330,-
85,CP016672,1,757709,761248,-
85,CP016883,1,1706609,1710149,+
85,CP016682,1,860122,863661,-
85,FM999788,1,470953,474492,-
85,CP012694,1,1231053,1234612,+
85,CP020422,1,435397,438956,+
85,CP002422,1,481480,485038,-
85,CP020401,1,189547,193106,+
85,AL157959,1,1978830,1982389,+
85,CP007524,1,1981870,1985429,+
85,FR774048,1,1743745,1747304,+
85,CP016660,1,2158371,2161910,-
85,CP012392,1,466156,469714,-
86,CP016647,1,1290308,1301709,+
86,CP016646,1,131735,143136,+
86,CP016654,1,1905360,1916761,+
86,CP020402,1,10888,21589,+
86,CP000381,1,1742147,1753584,+
86,CP016680,1,2040363,2051764,-
86,CP016672,1,742284,753685,-
86,CP016883,1,1714206,1725607,+
86,CP016682,1,844612,856013,-
86,FM999788,1,453971,464707,-
86,CP012694,1,1239319,1250722,+
86,CP020422,1,446278,456979,+
86,CP002422,1,465747,476448,-
86,CP020401,1,199665,210616,+
86,AL157959,1,1987704,1999107,+
86,CP007524,1,1990113,2001516,+
86,FR774048,1,1752135,1763538,+
86,CP016660,1,2142903,2154304,-
86,CP012392,1,450489,461891,-
87,CP016647,1,1306368,1334696,+
87,CP016646,1,147795,176122,+
87,CP016654,1,1921420,1949738,+
87,CP020402,1,26451,54769,+
87,CP000381,1,1758447,1786936,+
87,CP016680,1,2007375,2035703,-
87,CP016672,1,709298,737624,-
87,CP016883,1,1730266,1758591,+
87,CP016682,1,811626,839952,-
87,FM999788,1,420656,449109,-
87,CP012694,1,1254352,1282812,+
87,CP020422,1,461841,490159,+
87,CP002422,1,432570,460885,-
87,CP020401,1,216322,245094,+
87,AL157959,1,2002737,2030919,+
87,CP007524,1,2005146,2033605,+
87,FR774048,1,1767168,1795627,+
87,CP016660,1,2109918,2138243,-
87,CP012392,1,418405,446858,-
88,CP016647,1,1334697,1340204,+
88,CP016646,1,176123,181630,+
88,CP016654,1,1950584,1956102,+
88,CP020402,1,54770,60277,+
88,CP000381,1,1786937,1792437,+
88,CP016680,1,2001867,2007373,-
88,CP016672,1,703790,709296,-
88,CP016883,1,1758592,1764098,+
88,CP016682,1,806118,811624,-
88,FM999788,1,415150,420654,-
88,CP012694,1,1282813,1288318,+
88,CP020422,1,490160,495667,+
88,CP002422,1,427064,432568,-
88,CP020401,1,245095,250600,+
88,AL157959,1,2030920,2036427,+
88,CP007524,1,2033606,2039111,+
88,FR774048,1,1795628,1801133,+
88,CP016660,1,2104410,2109916,-
88,CP012392,1,412904,418403,-
89,CP016647,1,1341706,1349420,+
89,CP016646,1,183102,190816,+
89,CP016654,1,1957574,1965288,+
89,CP020402,1,64664,72288,+
89,CP000381,1,1793872,1801494,+
89,CP016680,1,1992680,2000394,-
89,CP016672,1,694603,702317,-
89,CP016883,1,1765570,1773284,+
89,CP016682,1,796931,804645,-
89,FM999788,1,402808,410749,-
89,CP012694,1,1289746,1297306,+
89,CP020422,1,500054,507678,+
89,CP002422,1,414896,422676,-
89,CP020401,1,255002,262568,+
89,AL157959,1,2038057,2046107,+
89,CP007524,1,2040539,2048099,+
89,FR774048,1,1802561,1810120,+
89,CP016660,1,2095223,2102937,-
89,CP012392,1,403762,411478,-
90,CP016647,1,1350448,1367340,+
90,CP016646,1,191844,208736,+
90,CP016654,1,1966316,1983208,+
90,CP020402,1,75703,92641,+
90,CP000381,1,1802522,1819427,+
90,CP016680,1,1974760,1991644,-
90,CP016672,1,676683,693576,-
90,CP016883,1,1774312,1791199,+
90,CP016682,1,779011,795904,-
90,FM999788,1,384906,401781,-
90,CP012694,1,1298335,1315211,+
90,CP020422,1,511093,528031,+
90,CP002422,1,394383,411327,-
90,CP020401,1,264814,281712,+
90,AL157959,1,2049756,2066631,+
90,CP007524,1,2049128,2066004,+
90,FR774048,1,1811149,1828025,+
90,CP016660,1,2077303,2094196,-
90,CP012392,1,385830,402735,-
91,CP016647,1,1378811,1391082,+
91,CP016646,1,220207,232465,+
91,CP016654,1,1994529,2006787,+
91,CP020402,1,100710,113096,+
91,CP000381,1,1829277,1841500,+
91,CP016680,1,1951199,1963432,-
91,CP016672,1,652955,665187,-
91,CP016883,1,1802669,1814927,+
91,CP016682,1,755268,767502,-
91,FM999788,1,366018,378246,-
91,CP012694,1,1327852,1340239,+
91,CP020422,1,536100,548486,+
91,CP002422,1,373270,385267,-
91,CP020401,1,296684,309070,+
91,AL157959,1,2075417,2087404,+
91,CP007524,1,2078603,2090990,+
91,FR774048,1,1839583,1851968,+
91,CP016660,1,2053574,2065807,-
91,CP012392,1,362460,374447,-
92,CP016647,1,1392100,1415239,+
92,CP016646,1,233483,256622,+
92,CP016654,1,2007805,2030944,+
92,CP020402,1,114114,137311,+
92,CP000381,1,1842510,1865758,+
92,CP016680,1,1927042,1950181,-
92,CP016672,1,628798,651937,-
92,CP016883,1,1815945,1839083,+
92,CP016682,1,731111,754250,-
92,FM999788,1,341810,365009,-
92,CP012694,1,1341257,1364116,+
92,CP020422,1,549504,572701,+
92,CP002422,1,349125,372261,-
92,CP020401,1,310088,333275,+
92,AL157959,1,2088422,2111283,+
92,CP007524,1,2092008,2114867,+
92,FR774048,1,1896041,1918900,+
92,CP016660,1,2029417,2052556,-
92,CP012392,1,338341,361442,-
93,CP016647,1,1415241,1427350,+
93,CP016646,1,256624,268733,+
93,CP016654,1,2030946,2043055,+
93,CP020402,1,137313,149175,+
93,CP000381,1,1865760,1877425,+
93,CP016680,1,1914929,1927041,-
93,CP016672,1,616685,628797,-
93,CP016883,1,1839085,1851197,+
93,CP016682,1,718998,731110,-
93,FM999788,1,330507,341809,-
93,CP012694,1,1364118,1375578,+
93,CP020422,1,572703,584565,+
93,CP002422,1,337745,349124,-
93,CP020401,1,333277,344624,+
93,AL157959,1,2111285,2122745,+
93,CP007524,1,2114869,2126329,+
93,FR774048,1,1918902,1930362,+
93,CP016660,1,2017304,2029416,-
93,CP012392,1,326065,337575,-
94,CP016647,1,1428097,1434359,+
94,CP016646,1,269480,275746,+
94,CP016654,1,2043802,2050064,+
94,CP020402,1,149177,155480,+
94,CP000381,1,1877427,1883243,+
94,CP016680,1,1907903,1914181,-
94,CP016672,1,609679,615937,-
94,CP016883,1,1851944,1858230,+
94,CP016682,1,711956,718250,-
94,FM999788,1,323952,330506,-
94,CP012694,1,1375580,1381622,+
94,CP020422,1,584567,590870,+
94,CP002422,1,331477,337744,-
94,CP020401,1,344626,350980,+
94,AL157959,1,2122747,2128793,+
94,CP007524,1,2126331,2132423,+
94,FR774048,1,1930364,1936429,+
94,CP016660,1,2010282,2016556,-
94,CP012392,1,319683,326064,-
95,CP016647,1,1442272,1452419,+
95,CP016646,1,283657,293804,+
95,CP016654,1,2057977,2068124,+
95,CP020402,1,164674,175027,+
95,CP000381,1,1891303,1901454,+
95,CP016680,1,1889843,1899990,-
95,CP016672,1,591621,601768,-
95,CP016883,1,1866141,1876287,+
95,CP016682,1,693890,704037,-
95,FM999788,1,305521,314754,-
95,CP012694,1,1389545,1399693,+
95,CP020422,1,600064,610417,+
95,CP002422,1,313047,322282,-
95,CP020401,1,815963,825199,-
95,AL157959,1,2136715,2146862,+
95,CP007524,1,2140345,2150493,+
95,FR774048,1,1944352,1954499,+
95,CP016660,1,1992224,2002371,-
95,CP012392,1,300664,311000,-
96,CP016647,1,1455084,1462089,+
96,CP016646,1,296469,303474,+
96,CP016654,1,2070789,2077794,+
96,CP020402,1,186246,193149,+
96,CP000381,1,1904118,1910977,+
96,CP016680,1,1880174,1887179,-
96,CP016672,1,581952,588957,-
96,CP016883,1,1878951,1885956,+
96,CP016682,1,684221,691226,-
96,FM999788,1,290406,297308,-
96,CP012694,1,1402356,1409216,+
96,CP020422,1,621636,628539,+
96,CP002422,1,297833,304736,-
96,CP020401,1,797843,804746,-
96,AL157959,1,2149525,2156385,+
96,CP007524,1,2153156,2160016,+
96,FR774048,1,1957162,1964022,+
96,CP016660,1,1982555,1989560,-
96,CP012392,1,290944,298000,-
97,CP016647,1,1463279,1474724,+
97,CP016646,1,304664,316109,+
97,CP016654,1,2078984,2090429,+
97,CP020402,1,194454,205676,+
97,CP000381,1,1912699,1924155,+
97,CP016680,1,1867555,1878984,-
97,CP016672,1,569325,580762,-
97,CP016883,1,1887146,1898580,+
97,CP016682,1,671576,683031,-
97,FM999788,1,277959,289429,-
97,CP012694,1,1410407,1421861,+
97,CP020422,1,629844,641066,+
97,CP002422,1,285531,297036,-
97,CP020401,1,784763,796262,-
97,AL157959,1,2157575,2169047,+
97,CP007524,1,2161207,2172661,+
97,FR774048,1,1965087,1976577,+
97,CP016660,1,1969928,1981365,-
97,CP012392,1,278788,289983,-
98,CP016647,1,1475909,1488786,+
98,CP016646,1,317294,330171,+
98,CP016654,1,2091614,2104491,+
98,CP020402,1,206506,219213,+
98,CP000381,1,1925341,1938220,+
98,CP016680,1,1853494,1866371,-
98,CP016672,1,555264,568141,-
98,CP016883,1,1899765,1912641,+
98,CP016682,1,657515,670392,-
98,FM999788,1,263895,276774,-
98,CP012694,1,1422691,1435413,+
98,CP020422,1,641896,654603,+
98,CP002422,1,271615,284347,-
98,CP020401,1,770767,783578,-
98,AL157959,1,2169877,2182599,+
98,CP007524,1,2173491,2186213,+
98,FR774048,1,1977407,1990129,+
98,CP016660,1,1955867,1968744,-
98,CP012392,1,264031,276851,-
99,CP016647,1,1492996,1497840,+
99,CP016646,1,334381,339225,+
99,CP016654,1,2108701,2113545,+
99,CP020402,1,222533,227377,+
99,CP000381,1,1943654,1948498,+
99,CP016680,1,1844440,1849284,-
99,CP016672,1,546210,551054,-
99,CP016883,1,1916850,1921694,+
99,CP016682,1,648461,653305,-
99,FM999788,1,255364,260575,-
99,CP012694,1,1440847,1446452,+
99,CP020422,1,657923,662767,+
99,CP002422,1,263451,268291,-
99,CP020401,1,762603,767443,-
99,AL157959,1,3627,9232,+
99,CP007524,1,3627,9232,+
99,FR774048,1,1995563,2001168,+
99,CP016660,1,1946813,1951657,-
99,CP012392,1,254454,259298,-
100,CP016647,1,1498558,1520408,+
100,CP016646,1,339943,361793,+
100,CP016654,1,2114263,2136113,+
100,CP020402,1,228048,250362,+
100,CP000381,1,1949669,1972063,+
100,CP016680,1,1821873,1843722,-
100,CP016672,1,523642,545492,-
100,CP016883,1,1922412,1944262,+
100,CP016682,1,625893,647743,-
100,FM999788,1,232665,254693,-
100,CP012694,1,1447719,1469661,+
100,CP020422,1,663438,685752,+
100,CP002422,1,240510,262731,-
100,CP020401,1,740096,761883,-
100,AL157959,1,10499,32564,+
100,CP007524,1,10499,32441,+
100,FR774048,1,2002435,2024377,+
100,CP016660,1,1924245,1946095,-
100,CP012392,1,231876,253734,-
101,CP016647,1,1521359,1524399,+
101,CP016646,1,362744,365784,+
101,CP016654,1,2137064,2140104,+
101,CP020402,1,252691,255731,+
101,CP000381,1,1972100,1975132,+
101,CP016680,1,1817881,1820922,-
101,CP016672,1,519650,522691,-
101,CP016883,1,1945213,1948252,+
101,CP016682,1,621901,624942,-
101,FM999788,1,228672,231713,-
101,CP012694,1,1470612,1473663,+
101,CP020422,1,688081,691121,+
101,CP002422,1,235134,238175,-
101,CP020401,1,734720,737761,-
101,AL157959,1,33515,36566,+
101,CP007524,1,33392,36443,+
101,FR774048,1,2025328,2028379,+
101,CP016660,1,1920253,1923294,-
101,CP012392,1,227883,230924,-
102,CP016647,1,1534817,1550729,+
102,CP016646,1,376202,392114,+
102,CP016654,1,2150522,2166434,+
102,CP020402,1,267153,283259,+
102,CP000381,1,1982993,1999236,+
102,CP016680,1,1791539,1807451,-
102,CP016672,1,493306,509218,-
102,CP016883,1,1958682,1974594,+
102,CP016682,1,595796,611708,-
102,FM999788,1,202096,218110,-
102,CP012694,1,1487610,1503789,+
102,CP020422,1,702543,718649,+
102,CP002422,1,207726,224082,-
102,CP020401,1,709938,726447,-
102,AL157959,1,46042,62554,+
102,CP007524,1,49967,66042,+
102,FR774048,1,2040424,2056276,+
102,CP016660,1,1893925,1909837,-
102,CP012392,1,201784,217955,-
103,CP016647,1,1550733,1556395,+
103,CP016646,1,392118,397780,+
103,CP016654,1,2166438,2172100,+
103,CP020402,1,283263,288923,+
103,CP000381,1,1999240,2004902,+
103,CP016680,1,1785873,1791535,-
103,CP016672,1,487640,493302,-
103,CP016883,1,1974598,1980258,+
103,CP016682,1,590130,595792,-
103,FM999788,1,196430,202092,-
103,CP012694,1,1503793,1509456,+
103,CP020422,1,718653,724313,+
103,CP002422,1,202059,207722,-
103,CP020401,1,702480,708142,-
103,AL157959,1,62558,68220,+
103,CP007524,1,66046,71709,+
103,FR774048,1,2056280,2061943,+
103,CP016660,1,1888259,1893921,-
103,CP012392,1,196120,201780,-
104,CP016647,1,1557442,1569993,+
104,CP016646,1,398827,411378,+
104,CP016654,1,2173147,2185698,+
104,CP020402,1,289850,302759,+
104,CP000381,1,2005884,2018865,+
104,CP016680,1,1772275,1784825,-
104,CP016672,1,474042,486592,-
104,CP016883,1,1981305,1993856,+
104,CP016682,1,576531,589082,-
104,FM999788,1,182177,194736,-
104,CP012694,1,1510231,1523050,+
104,CP020422,1,725240,738149,+
104,CP002422,1,187578,200487,-
104,CP020401,1,689031,701744,-
104,AL157959,1,68832,81703,+
104,CP007524,1,72512,85331,+
104,FR774048,1,2062405,2075223,+
104,CP016660,1,1874660,1887211,-
104,CP012392,1,183086,195510,-
105,CP016647,1,1569994,1601540,+
105,CP016646,1,411379,442925,+
105,CP016654,1,1,31547,+
105,CP020402,1,302760,334423,+
105,CP000381,1,2018866,2050408,+
105,CP016680,1,1740728,1772273,-
105,CP016672,1,442495,474040,-
105,CP016883,1,1993857,2025403,+
105,CP016682,1,544984,576529,-
105,FM999788,1,150632,182175,-
105,CP012694,1,1523051,1556549,+
105,CP020422,1,738150,769813,+
105,CP002422,1,155035,187576,-
105,CP020401,1,655638,689029,-
105,AL157959,1,81704,115200,+
105,CP007524,1,85332,118830,+
105,FR774048,1,2075224,2108722,+
105,CP016660,1,1843113,1874658,-
105,CP012392,1,150697,183084,-
106,CP016647,1,1607560,1619687,+
106,CP016646,1,448945,461072,+
106,CP016654,1,37567,49694,+
106,CP020402,1,341178,353310,+
106,CP000381,1,2055799,2067947,+
106,CP016680,1,1722580,1734707,-
106,CP016672,1,424347,436474,-
106,CP016883,1,2031423,2043550,+
106,CP016682,1,526836,538963,-
106,FM999788,1,131748,143876,-
106,CP012694,1,1564132,1576260,+
106,CP020422,1,776568,788700,+
106,CP002422,1,135987,148120,-
106,CP020401,1,636749,648882,-
106,AL157959,1,122784,134912,+
106,CP007524,1,126414,138542,+
106,FR774048,1,2116306,2128434,+
106,CP016660,1,1824965,1837092,-
106,CP012392,1,132541,144674,-
107,CP016647,1,1622247,1642532,+
107,CP016646,1,463632,483917,+
107,CP016654,1,52254,72539,+
107,CP020402,1,355871,376174,+
107,CP000381,1,2070507,2091316,+
107,CP016680,1,1699735,1720020,-
107,CP016672,1,401502,421787,-
107,CP016883,1,2046110,2066392,+
107,CP016682,1,503991,524276,-
107,FM999788,1,108901,129188,-
107,CP012694,1,1578821,1599126,+
107,CP020422,1,791261,811564,+
107,CP002422,1,112045,132347,-
107,CP020401,1,611961,632263,-
107,AL157959,1,137472,157769,+
107,CP007524,1,141103,161408,+
107,FR774048,1,2130994,2151299,+
107,CP016660,1,1802120,1822405,-
107,CP012392,1,109682,129981,-
108,CP016647,1,1646852,1654377,+
108,CP016646,1,488237,495768,+
108,CP016654,1,76859,84384,+
108,CP020402,1,388351,395876,+
108,CP000381,1,88666,96192,-
108,CP016680,1,1687891,1695416,-
108,CP016672,1,389658,397183,-
108,CP016883,1,2070712,2078237,+
108,CP016682,1,492147,499672,-
108,FM999788,1,90035,97531,-
108,CP012694,1,1604248,1611776,+
108,CP020422,1,823741,831266,+
108,CP002422,1,92378,99906,-
108,CP020401,1,591029,598558,-
108,AL157959,1,162892,170420,+
108,CP007524,1,166530,174058,+
108,FR774048,1,2156421,2163949,+
108,CP016660,1,1790276,1797801,-
108,CP012392,1,88749,96275,-
109,CP016647,1,1654378,1658135,+
109,CP016646,1,495769,499526,+
109,CP016654,1,84385,88142,+
109,CP016680,1,1684132,1687889,-
109,CP016672,1,385899,389656,-
109,CP016883,1,2078238,2081995,+
109,CP016682,1,488388,492145,-
109,CP016660,1,1786517,1790274,-
109,CP012392,1,84990,88747,-
110,CP016647,1,1664099,1667585,+
110,CP016646,1,505490,508976,+
110,CP016654,1,94106,97592,+
110,CP016680,1,1674682,1678168,-
110,CP016672,1,376449,379935,-
110,CP016883,1,2087958,2091444,+
110,CP016682,1,478938,482424,-
110,CP016660,1,1777067,1780553,-
110,CP012392,1,77230,80720,-
111,CP016647,1,1667587,1670806,+
111,CP016646,1,508978,512197,+
111,CP016654,1,97594,100813,+
111,CP020402,1,407223,410449,-
111,CP000381,1,74086,77310,+
111,CP016680,1,1671453,1674681,-
111,CP016672,1,373228,376448,-
111,CP016883,1,2091446,2094665,+
111,CP016682,1,475717,478937,-
111,FM999788,1,75461,78688,+
111,CP020422,1,842613,845839,-
111,CP002422,1,77824,81035,+
111,CP020401,1,576443,579662,+
111,CP016660,1,1773846,1777066,-
111,CP012392,1,74009,77229,-
112,CP016647,1,1670808,1678209,+
112,CP016646,1,512199,519600,+
112,CP016654,1,100815,108216,+
112,CP020402,1,399821,407222,-
112,CP000381,1,77312,84712,+
112,CP016680,1,1664051,1671452,-
112,CP016672,1,365826,373227,-
112,CP016883,1,2094667,2102068,+
112,CP016682,1,468315,475716,-
112,FM999788,1,78690,86090,+
112,CP012694,1,1615731,1623131,-
112,CP020422,1,835211,842612,-
112,CP002422,1,81037,88421,+
112,CP020401,1,579664,587064,+
112,AL157959,1,174375,181775,-
112,CP007524,1,178013,185413,-
112,FR774048,1,2173247,2180647,+
112,CP016660,1,1766444,1773845,-
112,CP012392,1,66607,74008,-
113,CP016647,1,1681461,1685184,+
113,CP016646,1,522852,526575,+
113,CP016654,1,111468,115191,+
113,CP020402,1,417487,421209,+
113,CP000381,1,62361,66083,-
113,CP016680,1,1655993,1659716,-
113,CP016672,1,358851,362574,-
113,CP016883,1,2105320,2109043,+
113,CP016682,1,461340,465063,-
113,FM999788,1,63745,67449,-
113,CP012694,1,1631608,1635328,+
113,CP020422,1,852877,856599,+
113,CP002422,1,67064,70786,-
113,CP020401,1,564827,568549,-
113,AL157959,1,190323,194043,+
113,CP007524,1,193961,197681,+
113,FR774048,1,2183851,2187571,+
113,CP016660,1,1759469,1763192,-
113,CP012392,1,59783,63504,-
114,CP016647,1,1691381,1699088,+
114,CP016646,1,532772,540479,+
114,CP016654,1,121388,129095,+
114,CP020402,1,427439,435144,+
114,CP000381,1,48672,56127,-
114,CP016680,1,1642089,1649795,-
114,CP016672,1,344947,352653,-
114,CP016883,1,2115239,2122946,+
114,CP016682,1,447437,455142,-
114,FM999788,1,49805,57515,-
114,CP012694,1,1641643,1649181,+
114,CP020422,1,862829,870534,+
114,CP002422,1,53125,60831,-
114,CP020401,1,550888,558595,-
114,AL157959,1,200274,207983,+
114,CP007524,1,203996,211534,+
114,FR774048,1,2193887,2201425,+
114,CP016660,1,1745565,1753271,-
114,CP012392,1,45761,53467,-
115,CP016647,1,1701936,1705031,+
115,CP016647,1,2090748,2093838,+
115,CP016646,1,924150,927240,+
115,CP016654,1,131943,135035,+
115,CP016654,1,523067,526161,+
115,CP020402,1,437059,440191,+
115,CP020402,1,813331,816457,+
115,CP000381,1,44126,47251,-
115,CP000381,1,376832,379946,+
115,CP016680,1,1254974,1258063,-
115,CP016672,1,2127549,2130640,-
115,CP016883,1,344792,347881,+
115,CP016883,1,2125420,2128526,+
115,CP016682,1,52838,55927,-
115,CP016682,1,441494,444589,-
115,FM999788,1,44590,47689,-
115,FM999788,1,1952678,1955756,-
115,CP012694,1,1714714,1717830,-
115,CP012694,1,2024197,2027293,+
115,CP020422,1,872449,875581,+
115,CP020422,1,1248720,1251846,+
115,CP002422,1,46672,49813,-
115,CP002422,1,1954896,1958124,-
115,CP020401,1,545817,548932,-
115,CP020401,1,1013984,1017095,+
115,AL157959,1,279103,282234,-
115,AL157959,1,583932,587046,+
115,CP007524,1,277065,280184,-
115,CP007524,1,586700,589790,+
115,FR774048,1,39703,42800,-
115,FR774048,1,349794,352878,+
115,CP016660,1,1353403,1356493,-
115,CP016660,1,1739623,1742717,-
115,CP012392,1,42075,45173,-
115,CP012392,1,1833559,1836666,-
116,CP016647,1,1707974,1722683,+
116,CP016646,1,541714,556424,+
116,CP016654,1,137979,152687,+
116,CP020402,1,442451,457160,+
116,CP000381,1,27330,42045,-
116,CP016680,1,1625803,1640512,-
116,CP016672,1,328661,343370,-
116,CP016883,1,2131469,2146176,+
116,CP016682,1,423842,438551,-
116,FM999788,1,27843,42561,-
116,CP012694,1,1698735,1713307,-
116,CP020422,1,877840,892549,+
116,CP002422,1,31168,45875,-
116,CP020401,1,530454,545171,-
116,AL157959,1,262915,277624,-
116,CP007524,1,261087,275658,-
116,FR774048,1,23725,38296,-
116,CP016660,1,1721970,1736680,-
116,CP012392,1,26792,41501,-
117,CP016647,1,1722696,1728752,+
117,CP016646,1,556437,562493,+
117,CP016654,1,152700,158756,+
117,CP020402,1,457173,463278,+
117,CP000381,1,21287,27317,-
117,CP016680,1,1619734,1625790,-
117,CP016672,1,322592,328648,-
117,CP016883,1,2146189,2152245,+
117,CP016682,1,417773,423829,-
117,FM999788,1,21879,27830,-
117,CP012694,1,1692768,1698722,-
117,CP020422,1,892562,898667,+
117,CP002422,1,25052,31155,-
117,CP020401,1,523493,529595,-
117,AL157959,1,256797,262902,-
117,CP007524,1,255120,261074,-
117,FR774048,1,17760,23712,-
117,CP016660,1,1715901,1721957,-
117,CP012392,1,20828,26779,-
118,CP016647,1,1732797,1741204,+
118,CP016646,1,566526,574909,+
118,CP016654,1,164271,172680,+
118,CP020402,1,472899,481344,+
118,CP000381,1,8513,17208,-
118,CP016680,1,1608732,1616878,-
118,CP016672,1,310413,318559,-
118,CP016883,1,2155100,2163246,+
118,CP016682,1,405569,413715,-
118,FM999788,1,7503,16087,-
118,CP012694,1,1682557,1690953,-
118,CP020422,1,908289,916734,+
118,CP002422,1,7505,15972,-
118,CP020401,1,505174,513413,-
118,AL157959,1,241358,249754,-
118,CP007524,1,244909,253305,-
118,FR774048,1,7548,15944,-
118,CP016660,1,1706160,1714306,-
118,CP012392,1,7430,15581,-
119,CP016647,1,1746027,1750560,+
119,CP016646,1,579732,584265,+
119,CP016654,1,177503,182036,+
119,CP020402,1,484239,488849,+
119,CP000381,1,1,4534,-
119,CP016680,1,1599376,1603909,-
119,CP016672,1,301057,305590,-
119,CP016883,1,1,4533,+
119,CP016682,1,396213,400746,-
119,FM999788,1,1,4610,-
119,CP012694,1,1675127,1679661,-
119,CP020422,1,919629,924239,+
119,CP002422,1,1,4611,-
119,CP020401,1,497667,502278,-
119,AL157959,1,233928,238462,-
119,CP007524,1,237479,242013,-
119,FR774048,1,118,4652,-
119,CP016660,1,1696804,1701337,-
119,CP012392,1,1,4536,-
120,CP016647,1,1750668,1754805,+
120,CP016646,1,584373,588510,+
120,CP016654,1,182144,186281,+
120,CP020402,1,488958,493095,+
120,CP000381,1,2149169,2153308,-
120,CP016680,1,1595130,1599268,-
120,CP016672,1,296811,300949,-
120,CP016883,1,4641,8778,+
120,CP016682,1,391967,396105,-
120,FM999788,1,2273304,2277442,-
120,CP012694,1,1670878,1675018,-
120,CP020422,1,924348,928485,+
120,CP002422,1,2283531,2287669,-
120,CP020401,1,493420,497558,-
120,AL157959,1,229679,233819,-
120,CP007524,1,233230,237370,-
120,FR774048,1,2223124,2227255,-
120,CP016660,1,1692558,1696696,-
120,CP012392,1,2166412,2170512,-
121,CP016647,1,1754876,1762491,+
121,CP016646,1,588581,596196,+
121,CP016654,1,186352,193967,+
121,CP020402,1,493166,500780,+
121,CP000381,1,2140262,2149098,-
121,CP016680,1,1587445,1595059,-
121,CP016672,1,289126,296740,-
121,CP016883,1,8849,16464,+
121,CP016682,1,384282,391896,-
121,FM999788,1,2265621,2273233,-
121,CP012694,1,1663195,1670807,-
121,CP020422,1,928556,936170,+
121,CP002422,1,2275846,2283460,-
121,CP020401,1,485734,493349,-
121,AL157959,1,221996,229608,-
121,CP007524,1,225547,233159,-
121,FR774048,1,2215441,2223053,-
121,CP016660,1,1684873,1692487,-
121,CP012392,1,2157978,2165587,-
122,CP016647,1,1764536,1773911,+
122,CP016646,1,598241,607616,+
122,CP016654,1,196012,205387,+
122,CP020402,1,502671,512048,+
122,CP000381,1,2129440,2138815,-
122,CP016680,1,1576026,1585400,-
122,CP016672,1,277706,287081,-
122,CP016883,1,18508,27883,+
122,CP016682,1,372862,382237,-
122,FM999788,1,2254882,2264259,-
122,CP012694,1,1651862,1661200,-
122,CP020422,1,938061,947438,+
122,CP002422,1,2264628,2274005,-
122,CP020401,1,474249,483739,-
122,AL157959,1,210664,220001,-
122,CP007524,1,214215,223552,-
122,FR774048,1,2204109,2213446,-
122,CP016660,1,1673453,1682828,-
122,CP012392,1,2146070,2155552,-
123,CP016647,1,1774413,1789939,+
123,CP016646,1,608118,623644,+
123,CP016654,1,205889,221415,+
123,CP020402,1,512605,527861,+
123,CP000381,1,2112109,2127519,-
123,CP016680,1,1559998,1575524,-
123,CP016672,1,261678,277204,-
123,CP016883,1,28385,43910,+
123,CP016682,1,356834,372360,-
123,FM999788,1,2238765,2254380,-
123,CP012694,1,1719028,1734594,+
123,CP020422,1,947995,963251,+
123,CP002422,1,2248875,2264126,-
123,CP020401,1,458526,473755,-
123,AL157959,1,283563,299129,+
123,CP007524,1,281513,297079,+
123,FR774048,1,44129,59696,+
123,CP016660,1,1657425,1672951,-
123,CP012392,1,2130199,2145568,-
124,CP016647,1,1802209,1815150,+
124,CP016646,1,635914,648855,+
124,CP016654,1,233685,246626,+
124,CP020402,1,540266,553218,+
124,CP000381,1,2092477,2105428,-
124,CP016680,1,1534787,1547727,-
124,CP016672,1,236467,249407,-
124,CP016883,1,56179,69120,+
124,CP016682,1,331636,344564,-
124,FM999788,1,2214281,2227339,-
124,CP012694,1,1741520,1754583,+
124,CP020422,1,975656,988608,+
124,CP002422,1,2220559,2233514,-
124,CP020401,1,429743,442692,-
124,AL157959,1,306056,319119,+
124,CP007524,1,304005,317068,+
124,FR774048,1,66622,79685,+
124,CP016660,1,1632214,1645154,-
124,CP012392,1,2104851,2118326,-
125,CP016647,1,1818882,1864291,+
125,CP016646,1,652587,698176,+
125,CP016654,1,250358,295768,+
125,CP020402,1,557082,602504,+
125,CP000381,1,103907,149205,+
125,CP016680,1,1485652,1531055,-
125,CP016672,1,187325,232735,-
125,CP016883,1,72852,118257,+
125,CP016682,1,282494,327904,-
125,FM999788,1,2165127,2210415,-
125,CP012694,1,1759063,1804613,+
125,CP020422,1,992472,1037894,+
125,CP002422,1,2171456,2216695,-
125,CP020401,1,381106,426202,-
125,AL157959,1,323598,367755,+
125,CP007524,1,321548,367098,+
125,FR774048,1,84165,129715,+
125,CP016660,1,1583071,1628482,-
125,CP012392,1,2054827,2100372,-
126,CP016647,1,1873999,1886084,+
126,CP016646,1,707899,719979,+
126,CP016654,1,305476,317561,+
126,CP020402,1,614112,626042,+
126,CP000381,1,170449,182368,+
126,CP016680,1,1463806,1475892,-
126,CP016672,1,165412,177498,-
126,CP016883,1,128069,140152,+
126,CP016682,1,260625,272711,-
126,FM999788,1,2144522,2156608,-
126,CP012694,1,1818345,1830278,+
126,CP020422,1,1049502,1061432,+
126,CP002422,1,2151102,2163034,-
126,CP020401,1,357897,369997,-
126,AL157959,1,379035,391106,+
126,CP007524,1,380820,392754,+
126,FR774048,1,142925,154858,+
126,CP016660,1,1561172,1573258,-
126,CP012392,1,2032321,2044394,-
127,CP016647,1,1895378,1898476,+
127,CP016646,1,729276,732374,+
127,CP016654,1,326855,329953,+
127,CP016680,1,1451416,1454514,-
127,CP016672,1,153020,156118,-
127,CP016883,1,149439,152537,+
127,CP016682,1,248268,251366,-
127,CP016660,1,1548780,1551878,-
127,CP012392,1,2020774,2023876,-
